sample_id,filepath,filename,umap_x,umap_y,tags,width,height,size_bytes,latitude,longitude,site,camera_type
6967ecf34644523b2e555ce8,/home/malezainia1/dev/INIA_DeepLearning_Ubuntu_mod_lleon/data/campo4_enero26/Camarico/Celular/20260106_113124.jpg,20260106_113124.jpg,7.336837,-0.123364866,,3024,4032,5868381,,,Camarico,ground
6967ecf34644523b2e555ce9,/home/malezainia1/dev/INIA_DeepLearning_Ubuntu_mod_lleon/data/campo4_enero26/Camarico/Celular/20260106_113136.jpg,20260106_113136.jpg,7.7617936,-0.54154193,,3024,4032,5924834,,,Camarico,ground
6967ecf34644523b2e555cea,/home/malezainia1/dev/INIA_DeepLearning_Ubuntu_mod_lleon/data/campo4_enero26/Camarico/Celular/20260106_113158.jpg,20260106_113158.jpg,7.091818,0.6787354,,3024,4032,5631735,,,Camarico,ground
6967ecf34644523b2e555ceb,/home/malezainia1/dev/INIA_DeepLearning_Ubuntu_mod_lleon/data/campo4_enero26/Camarico/Celular/20260106_113206.jpg,20260106_113206.jpg,7.4137363,-0.77482027,,3024,4032,5939495,,,Camarico,ground
6967ecf34644523b2e555cec,/home/malezainia1/dev/INIA_DeepLearning_Ubuntu_mod_lleon/data/campo4_enero26/Camarico/Celular/20260106_113210.jpg,20260106_113210.jpg,7.8825336,-1.0744092,,3024,4032,6038460,-34.358124799722226,-70.89197439972223,Camarico,ground
6967ecf34644523b2e555ced,/home/malezainia1/dev/INIA_DeepLearning_Ubuntu_mod_lleon/data/campo4_enero26/Camarico/Celular/20260106_113308.jpg,20260106_113308.jpg,8.378523,0.25767705,,3024,4032,5637472,-34.3582407,-70.89208189972223,Camarico,ground
6967ecf34644523b2e555cee,/home/malezainia1/dev/INIA_DeepLearning_Ubuntu_mod_lleon/data/campo4_enero26/Camarico/Celular/20260106_113312.jpg,20260106_113312.jpg,8.627548,-1.4051256,,3024,4032,6190333,-34.3582405,-70.8920817,Camarico,ground
6967ecf34644523b2e555cef,/home/malezainia1/dev/INIA_DeepLearning_Ubuntu_mod_lleon/data/campo4_enero26/Camarico/Celular/20260106_113326.jpg,20260106_113326.jpg,9.087815,1.4876837,,3024,4032,5989584,-34.3582909,-70.892115,Camarico,ground
6967ecf34644523b2e555cf0,/home/malezainia1/dev/INIA_DeepLearning_Ubuntu_mod_lleon/data/campo4_enero26/Camarico/Celular/20260106_113434.jpg,20260106_113434.jpg,9.749806,-0.54211414,,3024,4032,5799077,-34.358289499722225,-70.89212399972223,Camarico,ground
6967ecf34644523b2e555cf1,/home/malezainia1/dev/INIA_DeepLearning_Ubuntu_mod_lleon/data/campo4_enero26/Camarico/Celular/20260106_113447.jpg,20260106_113447.jpg,7.535101,0.86626333,,3024,4032,5690465,-34.358241399722225,-70.89210239972223,Camarico,ground
6967ecf34644523b2e555cf2,/home/malezainia1/dev/INIA_DeepLearning_Ubuntu_mod_lleon/data/campo4_enero26/Camarico/Celular/20260106_113451.jpg,20260106_113451.jpg,7.8347497,1.3522382,,3024,4032,5283305,-34.358231799722226,-70.89208829972223,Camarico,ground
6967ecf34644523b2e555cf3,/home/malezainia1/dev/INIA_DeepLearning_Ubuntu_mod_lleon/data/campo4_enero26/Camarico/Celular/20260106_113532.jpg,20260106_113532.jpg,9.241682,-1.3301795,,3024,4032,5842488,-34.358052,-70.8919774,Camarico,ground
6967ecf34644523b2e555cf4,/home/malezainia1/dev/INIA_DeepLearning_Ubuntu_mod_lleon/data/campo4_enero26/Camarico/Celular/20260106_113545.jpg,20260106_113545.jpg,9.292653,-0.7308112,,3024,4032,5685624,-34.35805249972223,-70.89197699972223,Camarico,ground
6967ecf34644523b2e555cf5,/home/malezainia1/dev/INIA_DeepLearning_Ubuntu_mod_lleon/data/campo4_enero26/Camarico/Celular/20260106_113559.jpg,20260106_113559.jpg,7.2188597,1.3541336,,3024,4032,5299123,-34.35805249972223,-70.89197699972223,Camarico,ground
6967ecf34644523b2e555cf6,/home/malezainia1/dev/INIA_DeepLearning_Ubuntu_mod_lleon/data/campo4_enero26/Camarico/Celular/20260106_113604.jpg,20260106_113604.jpg,7.880994,0.52150965,,3024,4032,5772515,-34.35805249972223,-70.89197699972223,Camarico,ground
6967ecf34644523b2e555cf7,/home/malezainia1/dev/INIA_DeepLearning_Ubuntu_mod_lleon/data/campo4_enero26/Camarico/Celular/20260106_113619.jpg,20260106_113619.jpg,6.857072,1.5154204,,3024,4032,5017087,-34.358034799722226,-70.8919699,Camarico,ground
6967ecf34644523b2e555cf8,/home/malezainia1/dev/INIA_DeepLearning_Ubuntu_mod_lleon/data/campo4_enero26/Camarico/Celular/20260106_113628.jpg,20260106_113628.jpg,8.802614,-0.69408244,,3024,4032,5645065,-34.358034799722226,-70.8919699,Camarico,ground
6967ecf34644523b2e555cf9,/home/malezainia1/dev/INIA_DeepLearning_Ubuntu_mod_lleon/data/campo4_enero26/Camarico/Celular/20260106_113633.jpg,20260106_113633.jpg,8.573049,-2.075584,,3024,4032,5445142,-34.358034799722226,-70.8919699,Camarico,ground
6967ecf34644523b2e555cfa,/home/malezainia1/dev/INIA_DeepLearning_Ubuntu_mod_lleon/data/campo4_enero26/Camarico/Celular/20260106_113654.jpg,20260106_113654.jpg,8.87814,-1.8168641,,3024,4032,5759934,-34.357953199722225,-70.89188849972223,Camarico,ground
6967ecf34644523b2e555cfb,/home/malezainia1/dev/INIA_DeepLearning_Ubuntu_mod_lleon/data/campo4_enero26/Camarico/Celular/20260106_113709.jpg,20260106_113709.jpg,6.9586606,0.14968511,,4032,3024,5510536,-34.357953299722226,-70.89188799972223,Camarico,ground
6967ecf34644523b2e555cfc,/home/malezainia1/dev/INIA_DeepLearning_Ubuntu_mod_lleon/data/campo4_enero26/Camarico/Celular/20260106_113713.jpg,20260106_113713.jpg,7.229029,1.8415495,,4032,3024,5371584,-34.35794059972223,-70.8918941,Camarico,ground
6967ecf34644523b2e555cfd,/home/malezainia1/dev/INIA_DeepLearning_Ubuntu_mod_lleon/data/campo4_enero26/Camarico/Celular/20260106_113725.jpg,20260106_113725.jpg,9.325149,-2.0076835,,4032,3024,5701503,-34.35793329972223,-70.89188169972223,Camarico,ground
6967ecf34644523b2e555cfe,/home/malezainia1/dev/INIA_DeepLearning_Ubuntu_mod_lleon/data/campo4_enero26/Camarico/Celular/20260106_113730.jpg,20260106_113730.jpg,8.299587,-0.60978884,,4032,3024,5601342,-34.3579201,-70.8918716,Camarico,ground
6967ecf34644523b2e555cff,/home/malezainia1/dev/INIA_DeepLearning_Ubuntu_mod_lleon/data/campo4_enero26/Camarico/Celular/20260106_113737.jpg,20260106_113737.jpg,9.444312,1.5786186,,4032,3024,5395776,-34.3578989,-70.8918539,Camarico,ground
6967ecf34644523b2e555d00,/home/malezainia1/dev/INIA_DeepLearning_Ubuntu_mod_lleon/data/campo4_enero26/Camarico/Celular/20260106_113740.jpg,20260106_113740.jpg,9.823883,-0.06504915,,4032,3024,5514703,-34.357889399722225,-70.8918419,Camarico,ground
6967ecf34644523b2e555d01,/home/malezainia1/dev/INIA_DeepLearning_Ubuntu_mod_lleon/data/campo4_enero26/Camarico/Celular/20260106_113808.jpg,20260106_113808.jpg,8.9739065,1.8248799,,4032,3024,5391165,-34.3577675,-70.89177019972223,Camarico,ground
6967ecf34644523b2e555d02,/home/malezainia1/dev/INIA_DeepLearning_Ubuntu_mod_lleon/data/campo4_enero26/Camarico/Celular/20260106_113843.jpg,20260106_113843.jpg,9.906164,-1.2159919,,4032,3024,5438544,-34.35777949972223,-70.8917851,Camarico,ground
6967ecf34644523b2e555d03,/home/malezainia1/dev/INIA_DeepLearning_Ubuntu_mod_lleon/data/campo4_enero26/Camarico/Celular/20260106_113916.jpg,20260106_113916.jpg,9.502982,0.31159347,,4032,3024,5827761,-34.35777949972223,-70.8917851,Camarico,ground
6967ecf34644523b2e555d04,/home/malezainia1/dev/INIA_DeepLearning_Ubuntu_mod_lleon/data/campo4_enero26/Camarico/Celular/20260106_113933.jpg,20260106_113933.jpg,9.849774,-1.5623187,,4032,3024,5305286,-34.35777949972223,-70.8917851,Camarico,ground
6967ecf34644523b2e555d05,/home/malezainia1/dev/INIA_DeepLearning_Ubuntu_mod_lleon/data/campo4_enero26/Camarico/Celular/20260106_114000.jpg,20260106_114000.jpg,8.136732,1.8555921,,4032,3024,5455888,-34.35777949972223,-70.8917851,Camarico,ground
6967ecf34644523b2e555d06,/home/malezainia1/dev/INIA_DeepLearning_Ubuntu_mod_lleon/data/campo4_enero26/Camarico/Celular/20260106_114005.jpg,20260106_114005.jpg,7.6408396,1.7865345,,4032,3024,5322188,-34.35777949972223,-70.8917851,Camarico,ground
6967ecf34644523b2e555d07,/home/malezainia1/dev/INIA_DeepLearning_Ubuntu_mod_lleon/data/campo4_enero26/Camarico/Celular/20260106_114159.jpg,20260106_114159.jpg,9.072345,1.0088398,,3024,4032,5887710,,,Camarico,ground
6967ecf34644523b2e555d08,/home/malezainia1/dev/INIA_DeepLearning_Ubuntu_mod_lleon/data/campo4_enero26/Camarico/Celular/20260106_114205.jpg,20260106_114205.jpg,8.699027,1.298139,,3024,4032,6097086,,,Camarico,ground
