source,neighbor,rank,distance,source_umap_x,source_umap_y,neighbor_umap_x,neighbor_umap_y
20260106_113124.jpg,20260106_113709.jpg,1,0.4664477884557554,7.336836814880371,-0.12336486577987671,6.95866060256958,0.1496851146221161
20260106_113124.jpg,20260106_113136.jpg,2,0.5962049488499477,7.336836814880371,-0.12336486577987671,7.761793613433838,-0.5415419340133667
20260106_113124.jpg,20260106_113206.jpg,3,0.6559784133389351,7.336836814880371,-0.12336486577987671,7.413736343383789,-0.7748202681541443
20260106_113124.jpg,20260106_113158.jpg,4,0.8386889096676453,7.336836814880371,-0.12336486577987671,7.091817855834961,0.6787353754043579
20260106_113124.jpg,20260106_113604.jpg,5,0.8437831528580312,7.336836814880371,-0.12336486577987671,7.880993843078613,0.5215096473693848
20260106_113124.jpg,20260106_113447.jpg,6,1.0092931328036054,7.336836814880371,-0.12336486577987671,7.535100936889648,0.8662633299827576
20260106_113124.jpg,20260106_113730.jpg,7,1.0786550318485308,7.336836814880371,-0.12336486577987671,8.29958724975586,-0.6097888350486755
20260106_113124.jpg,20260106_113210.jpg,8,1.096480889482713,7.336836814880371,-0.12336486577987671,7.882533550262451,-1.0744092464447021
20260106_113124.jpg,20260106_113308.jpg,9,1.1091901477745452,7.336836814880371,-0.12336486577987671,8.378522872924805,0.2576770484447479
20260106_113124.jpg,20260106_113559.jpg,10,1.4822011807100248,7.336836814880371,-0.12336486577987671,7.218859672546387,1.3541336059570312
20260106_113136.jpg,20260106_113206.jpg,1,0.4190019623035063,7.761793613433838,-0.5415419340133667,7.413736343383789,-0.7748202681541443
20260106_113136.jpg,20260106_113730.jpg,2,0.5421066636459895,7.761793613433838,-0.5415419340133667,8.29958724975586,-0.6097888350486755
20260106_113136.jpg,20260106_113210.jpg,3,0.5463750589139039,7.761793613433838,-0.5415419340133667,7.882533550262451,-1.0744092464447021
20260106_113136.jpg,20260106_113124.jpg,4,0.5962049488499477,7.761793613433838,-0.5415419340133667,7.336836814880371,-0.12336486577987671
20260106_113136.jpg,20260106_113308.jpg,5,1.009507781759834,7.761793613433838,-0.5415419340133667,8.378522872924805,0.2576770484447479
20260106_113136.jpg,20260106_113628.jpg,6,1.0519392207346736,7.761793613433838,-0.5415419340133667,8.802614212036133,-0.6940824389457703
20260106_113136.jpg,20260106_113709.jpg,7,1.0596308158529593,7.761793613433838,-0.5415419340133667,6.95866060256958,0.1496851146221161
20260106_113136.jpg,20260106_113604.jpg,8,1.069713681051026,7.761793613433838,-0.5415419340133667,7.880993843078613,0.5215096473693848
20260106_113136.jpg,20260106_113312.jpg,9,1.2228277941518386,7.761793613433838,-0.5415419340133667,8.627548217773438,-1.405125617980957
20260106_113136.jpg,20260106_113158.jpg,10,1.3921006528444524,7.761793613433838,-0.5415419340133667,7.091817855834961,0.6787353754043579
20260106_113158.jpg,20260106_113447.jpg,1,0.4813175913029722,7.091817855834961,0.6787353754043579,7.535100936889648,0.8662633299827576
20260106_113158.jpg,20260106_113709.jpg,2,0.5455502108247589,7.091817855834961,0.6787353754043579,6.95866060256958,0.1496851146221161
20260106_113158.jpg,20260106_113559.jpg,3,0.6872426012894003,7.091817855834961,0.6787353754043579,7.218859672546387,1.3541336059570312
20260106_113158.jpg,20260106_113604.jpg,4,0.8046854468661159,7.091817855834961,0.6787353754043579,7.880993843078613,0.5215096473693848
20260106_113158.jpg,20260106_113124.jpg,5,0.8386889096676453,7.091817855834961,0.6787353754043579,7.336836814880371,-0.12336486577987671
20260106_113158.jpg,20260106_113619.jpg,6,0.8689922708881577,7.091817855834961,0.6787353754043579,6.857071876525879,1.5154204368591309
20260106_113158.jpg,20260106_113451.jpg,7,1.002773029402612,7.091817855834961,0.6787353754043579,7.834749698638916,1.3522381782531738
20260106_113158.jpg,20260106_113713.jpg,8,1.1708815789942137,7.091817855834961,0.6787353754043579,7.229029178619385,1.8415495157241821
20260106_113158.jpg,20260106_114005.jpg,9,1.2363833775889124,7.091817855834961,0.6787353754043579,7.640839576721191,1.7865345478057861
20260106_113158.jpg,20260106_113308.jpg,10,1.3538463412463768,7.091817855834961,0.6787353754043579,8.378522872924805,0.2576770484447479
20260106_113206.jpg,20260106_113136.jpg,1,0.4190019623035063,7.413736343383789,-0.7748202681541443,7.761793613433838,-0.5415419340133667
20260106_113206.jpg,20260106_113210.jpg,2,0.5563491503457298,7.413736343383789,-0.7748202681541443,7.882533550262451,-1.0744092464447021
20260106_113206.jpg,20260106_113124.jpg,3,0.6559784133389351,7.413736343383789,-0.7748202681541443,7.336836814880371,-0.12336486577987671
20260106_113206.jpg,20260106_113730.jpg,4,0.901092227373571,7.413736343383789,-0.7748202681541443,8.29958724975586,-0.6097888350486755
20260106_113206.jpg,20260106_113709.jpg,5,1.0304388058782923,7.413736343383789,-0.7748202681541443,6.95866060256958,0.1496851146221161
20260106_113206.jpg,20260106_113312.jpg,6,1.3677076077983965,7.413736343383789,-0.7748202681541443,8.627548217773438,-1.405125617980957
20260106_113206.jpg,20260106_113604.jpg,7,1.377969818574521,7.413736343383789,-0.7748202681541443,7.880993843078613,0.5215096473693848
20260106_113206.jpg,20260106_113628.jpg,8,1.3912226029998067,7.413736343383789,-0.7748202681541443,8.802614212036133,-0.6940824389457703
20260106_113206.jpg,20260106_113308.jpg,9,1.413104297767051,7.413736343383789,-0.7748202681541443,8.378522872924805,0.2576770484447479
20260106_113206.jpg,20260106_113158.jpg,10,1.4887765183352726,7.413736343383789,-0.7748202681541443,7.091817855834961,0.6787353754043579
20260106_113210.jpg,20260106_113136.jpg,1,0.5463750589139039,7.882533550262451,-1.0744092464447021,7.761793613433838,-0.5415419340133667
20260106_113210.jpg,20260106_113206.jpg,2,0.5563491503457298,7.882533550262451,-1.0744092464447021,7.413736343383789,-0.7748202681541443
20260106_113210.jpg,20260106_113730.jpg,3,0.6243443880959859,7.882533550262451,-1.0744092464447021,8.29958724975586,-0.6097888350486755
20260106_113210.jpg,20260106_113312.jpg,4,0.815119729370239,7.882533550262451,-1.0744092464447021,8.627548217773438,-1.405125617980957
20260106_113210.jpg,20260106_113628.jpg,5,0.9955887226521931,7.882533550262451,-1.0744092464447021,8.802614212036133,-0.6940824389457703
20260106_113210.jpg,20260106_113124.jpg,6,1.096480889482713,7.882533550262451,-1.0744092464447021,7.336836814880371,-0.12336486577987671
20260106_113210.jpg,20260106_113633.jpg,7,1.2162079505181562,7.882533550262451,-1.0744092464447021,8.57304859161377,-2.0755839347839355
20260106_113210.jpg,20260106_113654.jpg,8,1.241963105833031,7.882533550262451,-1.0744092464447021,8.878140449523926,-1.8168641328811646
20260106_113210.jpg,20260106_113532.jpg,9,1.3830050795091282,7.882533550262451,-1.0744092464447021,9.241682052612305,-1.3301794528961182
20260106_113210.jpg,20260106_113308.jpg,10,1.4214286141862218,7.882533550262451,-1.0744092464447021,8.378522872924805,0.2576770484447479
20260106_113308.jpg,20260106_113604.jpg,1,0.5631543090441737,8.378522872924805,0.2576770484447479,7.880993843078613,0.5215096473693848
20260106_113308.jpg,20260106_113730.jpg,2,0.8710498789564782,8.378522872924805,0.2576770484447479,8.29958724975586,-0.6097888350486755
20260106_113308.jpg,20260106_113136.jpg,3,1.009507781759834,8.378522872924805,0.2576770484447479,7.761793613433838,-0.5415419340133667
20260106_113308.jpg,20260106_114159.jpg,4,1.0225626565691113,8.378522872924805,0.2576770484447479,9.072344779968262,1.0088398456573486
20260106_113308.jpg,20260106_113447.jpg,5,1.0400662595534733,8.378522872924805,0.2576770484447479,7.535100936889648,0.8662633299827576
20260106_113308.jpg,20260106_113628.jpg,6,1.0419690905910317,8.378522872924805,0.2576770484447479,8.802614212036133,-0.6940824389457703
20260106_113308.jpg,20260106_114205.jpg,7,1.0887074711621147,8.378522872924805,0.2576770484447479,8.699027061462402,1.298138976097107
20260106_113308.jpg,20260106_113124.jpg,8,1.1091901477745452,8.378522872924805,0.2576770484447479,7.336836814880371,-0.12336486577987671
20260106_113308.jpg,20260106_113916.jpg,9,1.1257511373370397,8.378522872924805,0.2576770484447479,9.502982139587402,0.3115934729576111
20260106_113308.jpg,20260106_113451.jpg,10,1.2221920192672056,8.378522872924805,0.2576770484447479,7.834749698638916,1.3522381782531738
20260106_113312.jpg,20260106_113654.jpg,1,0.482001111270419,8.627548217773438,-1.405125617980957,8.878140449523926,-1.8168641328811646
20260106_113312.jpg,20260106_113532.jpg,2,0.6186899827496942,8.627548217773438,-1.405125617980957,9.241682052612305,-1.3301794528961182
20260106_113312.jpg,20260106_113633.jpg,3,0.672669728634957,8.627548217773438,-1.405125617980957,8.57304859161377,-2.0755839347839355
20260106_113312.jpg,20260106_113628.jpg,4,0.7322776145695366,8.627548217773438,-1.405125617980957,8.802614212036133,-0.6940824389457703
20260106_113312.jpg,20260106_113210.jpg,5,0.815119729370239,8.627548217773438,-1.405125617980957,7.882533550262451,-1.0744092464447021
20260106_113312.jpg,20260106_113730.jpg,6,0.8603016882629593,8.627548217773438,-1.405125617980957,8.29958724975586,-0.6097888350486755
20260106_113312.jpg,20260106_113725.jpg,7,0.9218038233431193,8.627548217773438,-1.405125617980957,9.325148582458496,-2.007683515548706
20260106_113312.jpg,20260106_113545.jpg,8,0.9471348614943669,8.627548217773438,-1.405125617980957,9.29265308380127,-0.7308111786842346
20260106_113312.jpg,20260106_113136.jpg,9,1.2228277941518386,8.627548217773438,-1.405125617980957,7.761793613433838,-0.5415419340133667
20260106_113312.jpg,20260106_113933.jpg,10,1.2322931485380866,8.627548217773438,-1.405125617980957,9.849774360656738,-1.5623186826705933
20260106_113326.jpg,20260106_113808.jpg,1,0.3559164304781359,9.087815284729004,1.487683653831482,8.973906517028809,1.8248798847198486
20260106_113326.jpg,20260106_113737.jpg,2,0.3679118765839363,9.087815284729004,1.487683653831482,9.44431209564209,1.5786186456680298
20260106_113326.jpg,20260106_114205.jpg,3,0.43253146406733106,9.087815284729004,1.487683653831482,8.699027061462402,1.298138976097107
20260106_113326.jpg,20260106_114159.jpg,4,0.4790936538342564,9.087815284729004,1.487683653831482,9.072344779968262,1.0088398456573486
20260106_113326.jpg,20260106_114000.jpg,5,1.0197626535420294,9.087815284729004,1.487683653831482,8.13673210144043,1.855592131614685
20260106_113326.jpg,20260106_113916.jpg,6,1.2472175555695761,9.087815284729004,1.487683653831482,9.502982139587402,0.3115934729576111
20260106_113326.jpg,20260106_113451.jpg,7,1.260364566265622,9.087815284729004,1.487683653831482,7.834749698638916,1.3522381782531738
20260106_113326.jpg,20260106_113308.jpg,8,1.419863364812972,9.087815284729004,1.487683653831482,8.378522872924805,0.2576770484447479
20260106_113326.jpg,20260106_114005.jpg,9,1.4775149936274592,9.087815284729004,1.487683653831482,7.640839576721191,1.7865345478057861
20260106_113326.jpg,20260106_113604.jpg,10,1.5459334406080192,9.087815284729004,1.487683653831482,7.880993843078613,0.5215096473693848
20260106_113434.jpg,20260106_113740.jpg,1,0.48278189139930233,9.74980640411377,-0.5421141386032104,9.823883056640625,-0.06504914909601212
20260106_113434.jpg,20260106_113545.jpg,2,0.4945662050808596,9.74980640411377,-0.5421141386032104,9.29265308380127,-0.7308111786842346
20260106_113434.jpg,20260106_113843.jpg,3,0.6917795363740384,9.74980640411377,-0.5421141386032104,9.906164169311523,-1.2159918546676636
20260106_113434.jpg,20260106_113916.jpg,4,0.8886725513910423,9.74980640411377,-0.5421141386032104,9.502982139587402,0.3115934729576111
20260106_113434.jpg,20260106_113532.jpg,5,0.9376765413405433,9.74980640411377,-0.5421141386032104,9.241682052612305,-1.3301794528961182
20260106_113434.jpg,20260106_113628.jpg,6,0.9593056932187181,9.74980640411377,-0.5421141386032104,8.802614212036133,-0.6940824389457703
20260106_113434.jpg,20260106_113933.jpg,7,1.0250906809015061,9.74980640411377,-0.5421141386032104,9.849774360656738,-1.5623186826705933
20260106_113434.jpg,20260106_113312.jpg,8,1.4157161616459912,9.74980640411377,-0.5421141386032104,8.627548217773438,-1.405125617980957
20260106_113434.jpg,20260106_113730.jpg,9,1.451797320635893,9.74980640411377,-0.5421141386032104,8.29958724975586,-0.6097888350486755
20260106_113434.jpg,20260106_113725.jpg,10,1.525853159427017,9.74980640411377,-0.5421141386032104,9.325148582458496,-2.007683515548706
20260106_113447.jpg,20260106_113158.jpg,1,0.4813175913029722,7.535100936889648,0.8662633299827576,7.091817855834961,0.6787353754043579
20260106_113447.jpg,20260106_113604.jpg,2,0.4883615507258226,7.535100936889648,0.8662633299827576,7.880993843078613,0.5215096473693848
20260106_113447.jpg,20260106_113451.jpg,3,0.5709298849852961,7.535100936889648,0.8662633299827576,7.834749698638916,1.3522381782531738
20260106_113447.jpg,20260106_113559.jpg,4,0.5813999857693829,7.535100936889648,0.8662633299827576,7.218859672546387,1.3541336059570312
20260106_113447.jpg,20260106_113709.jpg,5,0.9196563476432238,7.535100936889648,0.8662633299827576,6.95866060256958,0.1496851146221161
20260106_113447.jpg,20260106_114005.jpg,6,0.926325954676271,7.535100936889648,0.8662633299827576,7.640839576721191,1.7865345478057861
20260106_113447.jpg,20260106_113619.jpg,7,0.9386843751261014,7.535100936889648,0.8662633299827576,6.857071876525879,1.5154204368591309
20260106_113447.jpg,20260106_113124.jpg,8,1.0092931328036054,7.535100936889648,0.8662633299827576,7.336836814880371,-0.12336486577987671
20260106_113447.jpg,20260106_113713.jpg,9,1.0221854358719396,7.535100936889648,0.8662633299827576,7.229029178619385,1.8415495157241821
20260106_113447.jpg,20260106_113308.jpg,10,1.0400662595534733,7.535100936889648,0.8662633299827576,8.378522872924805,0.2576770484447479
20260106_113451.jpg,20260106_114005.jpg,1,0.4756200920784634,7.834749698638916,1.3522381782531738,7.640839576721191,1.7865345478057861
20260106_113451.jpg,20260106_113447.jpg,2,0.5709298849852961,7.834749698638916,1.3522381782531738,7.535100936889648,0.8662633299827576
20260106_113451.jpg,20260106_114000.jpg,3,0.5869911191546582,7.834749698638916,1.3522381782531738,8.13673210144043,1.855592131614685
20260106_113451.jpg,20260106_113559.jpg,4,0.6158929427152392,7.834749698638916,1.3522381782531738,7.218859672546387,1.3541336059570312
20260106_113451.jpg,20260106_113713.jpg,5,0.7786674086864034,7.834749698638916,1.3522381782531738,7.229029178619385,1.8415495157241821
20260106_113451.jpg,20260106_113604.jpg,6,0.8320146710961881,7.834749698638916,1.3522381782531738,7.880993843078613,0.5215096473693848
20260106_113451.jpg,20260106_114205.jpg,7,0.8659688698579431,7.834749698638916,1.3522381782531738,8.699027061462402,1.298138976097107
20260106_113451.jpg,20260106_113619.jpg,8,0.9912024885841605,7.834749698638916,1.3522381782531738,6.857071876525879,1.5154204368591309
20260106_113451.jpg,20260106_113158.jpg,9,1.002773029402612,7.834749698638916,1.3522381782531738,7.091817855834961,0.6787353754043579
20260106_113451.jpg,20260106_113308.jpg,10,1.2221920192672056,7.834749698638916,1.3522381782531738,8.378522872924805,0.2576770484447479
20260106_113532.jpg,20260106_113545.jpg,1,0.6015316900647862,9.241682052612305,-1.3301794528961182,9.29265308380127,-0.7308111786842346
20260106_113532.jpg,20260106_113654.jpg,2,0.6074738470981409,9.241682052612305,-1.3301794528961182,8.878140449523926,-1.8168641328811646
20260106_113532.jpg,20260106_113312.jpg,3,0.6186899827496942,9.241682052612305,-1.3301794528961182,8.627548217773438,-1.405125617980957
20260106_113532.jpg,20260106_113933.jpg,4,0.6508954425275175,9.241682052612305,-1.3301794528961182,9.849774360656738,-1.5623186826705933
20260106_113532.jpg,20260106_113843.jpg,5,0.6742219894087237,9.241682052612305,-1.3301794528961182,9.906164169311523,-1.2159918546676636
20260106_113532.jpg,20260106_113725.jpg,6,0.682626117662756,9.241682052612305,-1.3301794528961182,9.325148582458496,-2.007683515548706
20260106_113532.jpg,20260106_113628.jpg,7,0.7729165412803454,9.241682052612305,-1.3301794528961182,8.802614212036133,-0.6940824389457703
20260106_113532.jpg,20260106_113434.jpg,8,0.9376765413405433,9.241682052612305,-1.3301794528961182,9.74980640411377,-0.5421141386032104
20260106_113532.jpg,20260106_113633.jpg,9,1.0013483643494532,9.241682052612305,-1.3301794528961182,8.57304859161377,-2.0755839347839355
20260106_113532.jpg,20260106_113730.jpg,10,1.1859617446830841,9.241682052612305,-1.3301794528961182,8.29958724975586,-0.6097888350486755
20260106_113545.jpg,20260106_113628.jpg,1,0.49141336587808027,9.29265308380127,-0.7308111786842346,8.802614212036133,-0.6940824389457703
20260106_113545.jpg,20260106_113434.jpg,2,0.4945662050808596,9.29265308380127,-0.7308111786842346,9.74980640411377,-0.5421141386032104
20260106_113545.jpg,20260106_113532.jpg,3,0.6015316900647862,9.29265308380127,-0.7308111786842346,9.241682052612305,-1.3301794528961182
20260106_113545.jpg,20260106_113843.jpg,4,0.7821739834536221,9.29265308380127,-0.7308111786842346,9.906164169311523,-1.2159918546676636
20260106_113545.jpg,20260106_113740.jpg,5,0.8517302179002055,9.29265308380127,-0.7308111786842346,9.823883056640625,-0.06504914909601212
20260106_113545.jpg,20260106_113312.jpg,6,0.9471348614943669,9.29265308380127,-0.7308111786842346,8.627548217773438,-1.405125617980957
20260106_113545.jpg,20260106_113730.jpg,7,1.000412993921685,9.29265308380127,-0.7308111786842346,8.29958724975586,-0.6097888350486755
20260106_113545.jpg,20260106_113933.jpg,8,1.0008940235163222,9.29265308380127,-0.7308111786842346,9.849774360656738,-1.5623186826705933
20260106_113545.jpg,20260106_113916.jpg,9,1.0634123233593091,9.29265308380127,-0.7308111786842346,9.502982139587402,0.3115934729576111
20260106_113545.jpg,20260106_113654.jpg,10,1.1624679536638511,9.29265308380127,-0.7308111786842346,8.878140449523926,-1.8168641328811646
20260106_113559.jpg,20260106_113619.jpg,1,0.3961109076657938,7.218859672546387,1.3541336059570312,6.857071876525879,1.5154204368591309
20260106_113559.jpg,20260106_113713.jpg,2,0.4875219871430499,7.218859672546387,1.3541336059570312,7.229029178619385,1.8415495157241821
20260106_113559.jpg,20260106_113447.jpg,3,0.5813999857693829,7.218859672546387,1.3541336059570312,7.535100936889648,0.8662633299827576
20260106_113559.jpg,20260106_114005.jpg,4,0.6041834274780032,7.218859672546387,1.3541336059570312,7.640839576721191,1.7865345478057861
20260106_113559.jpg,20260106_113451.jpg,5,0.6158929427152392,7.218859672546387,1.3541336059570312,7.834749698638916,1.3522381782531738
20260106_113559.jpg,20260106_113158.jpg,6,0.6872426012894003,7.218859672546387,1.3541336059570312,7.091817855834961,0.6787353754043579
20260106_113559.jpg,20260106_114000.jpg,7,1.045920861575386,7.218859672546387,1.3541336059570312,8.13673210144043,1.855592131614685
20260106_113559.jpg,20260106_113604.jpg,8,1.0638065219768877,7.218859672546387,1.3541336059570312,7.880993843078613,0.5215096473693848
20260106_113559.jpg,20260106_113709.jpg,9,1.2322336321882097,7.218859672546387,1.3541336059570312,6.95866060256958,0.1496851146221161
20260106_113559.jpg,20260106_114205.jpg,10,1.4812261467391148,7.218859672546387,1.3541336059570312,8.699027061462402,1.298138976097107
20260106_113604.jpg,20260106_113447.jpg,1,0.4883615507258226,7.880993843078613,0.5215096473693848,7.535100936889648,0.8662633299827576
20260106_113604.jpg,20260106_113308.jpg,2,0.5631543090441737,7.880993843078613,0.5215096473693848,8.378522872924805,0.2576770484447479
20260106_113604.jpg,20260106_113158.jpg,3,0.8046854468661159,7.880993843078613,0.5215096473693848,7.091817855834961,0.6787353754043579
20260106_113604.jpg,20260106_113451.jpg,4,0.8320146710961881,7.880993843078613,0.5215096473693848,7.834749698638916,1.3522381782531738
20260106_113604.jpg,20260106_113124.jpg,5,0.8437831528580312,7.880993843078613,0.5215096473693848,7.336836814880371,-0.12336486577987671
20260106_113604.jpg,20260106_113709.jpg,6,0.9944607029443742,7.880993843078613,0.5215096473693848,6.95866060256958,0.1496851146221161
20260106_113604.jpg,20260106_113559.jpg,7,1.0638065219768877,7.880993843078613,0.5215096473693848,7.218859672546387,1.3541336059570312
20260106_113604.jpg,20260106_113136.jpg,8,1.069713681051026,7.880993843078613,0.5215096473693848,7.761793613433838,-0.5415419340133667
20260106_113604.jpg,20260106_114205.jpg,9,1.1279767110270549,7.880993843078613,0.5215096473693848,8.699027061462402,1.298138976097107
20260106_113604.jpg,20260106_113730.jpg,10,1.2062573093809914,7.880993843078613,0.5215096473693848,8.29958724975586,-0.6097888350486755
20260106_113619.jpg,20260106_113559.jpg,1,0.3961109076657938,6.857071876525879,1.5154204368591309,7.218859672546387,1.3541336059570312
20260106_113619.jpg,20260106_113713.jpg,2,0.49468415242662306,6.857071876525879,1.5154204368591309,7.229029178619385,1.8415495157241821
20260106_113619.jpg,20260106_114005.jpg,3,0.829333870659968,6.857071876525879,1.5154204368591309,7.640839576721191,1.7865345478057861
20260106_113619.jpg,20260106_113158.jpg,4,0.8689922708881577,6.857071876525879,1.5154204368591309,7.091817855834961,0.6787353754043579
20260106_113619.jpg,20260106_113447.jpg,5,0.9386843751261014,6.857071876525879,1.5154204368591309,7.535100936889648,0.8662633299827576
20260106_113619.jpg,20260106_113451.jpg,6,0.9912024885841605,6.857071876525879,1.5154204368591309,7.834749698638916,1.3522381782531738
20260106_113619.jpg,20260106_114000.jpg,7,1.3241023650538597,6.857071876525879,1.5154204368591309,8.13673210144043,1.855592131614685
20260106_113619.jpg,20260106_113709.jpg,8,1.369508393426278,6.857071876525879,1.5154204368591309,6.95866060256958,0.1496851146221161
20260106_113619.jpg,20260106_113604.jpg,9,1.426981026872239,6.857071876525879,1.5154204368591309,7.880993843078613,0.5215096473693848
20260106_113619.jpg,20260106_113124.jpg,10,1.7075689339584255,6.857071876525879,1.5154204368591309,7.336836814880371,-0.12336486577987671
20260106_113628.jpg,20260106_113545.jpg,1,0.49141336587808027,8.802614212036133,-0.6940824389457703,9.29265308380127,-0.7308111786842346
20260106_113628.jpg,20260106_113730.jpg,2,0.5100407203732659,8.802614212036133,-0.6940824389457703,8.29958724975586,-0.6097888350486755
20260106_113628.jpg,20260106_113312.jpg,3,0.7322776145695366,8.802614212036133,-0.6940824389457703,8.627548217773438,-1.405125617980957
20260106_113628.jpg,20260106_113532.jpg,4,0.7729165412803454,8.802614212036133,-0.6940824389457703,9.241682052612305,-1.3301794528961182
20260106_113628.jpg,20260106_113434.jpg,5,0.9593056932187181,8.802614212036133,-0.6940824389457703,9.74980640411377,-0.5421141386032104
20260106_113628.jpg,20260106_113210.jpg,6,0.9955887226521931,8.802614212036133,-0.6940824389457703,7.882533550262451,-1.0744092464447021
20260106_113628.jpg,20260106_113308.jpg,7,1.0419690905910317,8.802614212036133,-0.6940824389457703,8.378522872924805,0.2576770484447479
20260106_113628.jpg,20260106_113136.jpg,8,1.0519392207346736,8.802614212036133,-0.6940824389457703,7.761793613433838,-0.5415419340133667
20260106_113628.jpg,20260106_113654.jpg,9,1.1253190413324996,8.802614212036133,-0.6940824389457703,8.878140449523926,-1.8168641328811646
20260106_113628.jpg,20260106_113740.jpg,10,1.1994469278375781,8.802614212036133,-0.6940824389457703,9.823883056640625,-0.06504914909601212
20260106_113633.jpg,20260106_113654.jpg,1,0.40002122151165936,8.57304859161377,-2.0755839347839355,8.878140449523926,-1.8168641328811646
20260106_113633.jpg,20260106_113312.jpg,2,0.672669728634957,8.57304859161377,-2.0755839347839355,8.627548217773438,-1.405125617980957
20260106_113633.jpg,20260106_113725.jpg,3,0.7551588330682213,8.57304859161377,-2.0755839347839355,9.325148582458496,-2.007683515548706
20260106_113633.jpg,20260106_113532.jpg,4,1.0013483643494532,8.57304859161377,-2.0755839347839355,9.241682052612305,-1.3301794528961182
20260106_113633.jpg,20260106_113210.jpg,5,1.2162079505181562,8.57304859161377,-2.0755839347839355,7.882533550262451,-1.0744092464447021
20260106_113633.jpg,20260106_113933.jpg,6,1.3760341232561542,8.57304859161377,-2.0755839347839355,9.849774360656738,-1.5623186826705933
20260106_113633.jpg,20260106_113628.jpg,7,1.4004451996001104,8.57304859161377,-2.0755839347839355,8.802614212036133,-0.6940824389457703
20260106_113633.jpg,20260106_113730.jpg,8,1.4910856380163513,8.57304859161377,-2.0755839347839355,8.29958724975586,-0.6097888350486755
20260106_113633.jpg,20260106_113545.jpg,9,1.5252030654061823,8.57304859161377,-2.0755839347839355,9.29265308380127,-0.7308111786842346
20260106_113633.jpg,20260106_113843.jpg,10,1.5862205671655614,8.57304859161377,-2.0755839347839355,9.906164169311523,-1.2159918546676636
20260106_113654.jpg,20260106_113633.jpg,1,0.40002122151165936,8.878140449523926,-1.8168641328811646,8.57304859161377,-2.0755839347839355
20260106_113654.jpg,20260106_113312.jpg,2,0.482001111270419,8.878140449523926,-1.8168641328811646,8.627548217773438,-1.405125617980957
20260106_113654.jpg,20260106_113725.jpg,3,0.4860332372495446,8.878140449523926,-1.8168641328811646,9.325148582458496,-2.007683515548706
20260106_113654.jpg,20260106_113532.jpg,4,0.6074738470981409,8.878140449523926,-1.8168641328811646,9.241682052612305,-1.3301794528961182
20260106_113654.jpg,20260106_113933.jpg,5,1.0044231396608447,8.878140449523926,-1.8168641328811646,9.849774360656738,-1.5623186826705933
20260106_113654.jpg,20260106_113628.jpg,6,1.1253190413324996,8.878140449523926,-1.8168641328811646,8.802614212036133,-0.6940824389457703
20260106_113654.jpg,20260106_113545.jpg,7,1.1624679536638511,8.878140449523926,-1.8168641328811646,9.29265308380127,-0.7308111786842346
20260106_113654.jpg,20260106_113843.jpg,8,1.1907477747917112,8.878140449523926,-1.8168641328811646,9.906164169311523,-1.2159918546676636
20260106_113654.jpg,20260106_113210.jpg,9,1.241963105833031,8.878140449523926,-1.8168641328811646,7.882533550262451,-1.0744092464447021
20260106_113654.jpg,20260106_113730.jpg,10,1.3385643726019532,8.878140449523926,-1.8168641328811646,8.29958724975586,-0.6097888350486755
20260106_113709.jpg,20260106_113124.jpg,1,0.4664477884557554,6.95866060256958,0.1496851146221161,7.336836814880371,-0.12336486577987671
20260106_113709.jpg,20260106_113158.jpg,2,0.5455502108247589,6.95866060256958,0.1496851146221161,7.091817855834961,0.6787353754043579
20260106_113709.jpg,20260106_113447.jpg,3,0.9196563476432238,6.95866060256958,0.1496851146221161,7.535100936889648,0.8662633299827576
20260106_113709.jpg,20260106_113604.jpg,4,0.9944607029443742,6.95866060256958,0.1496851146221161,7.880993843078613,0.5215096473693848
20260106_113709.jpg,20260106_113206.jpg,5,1.0304388058782923,6.95866060256958,0.1496851146221161,7.413736343383789,-0.7748202681541443
20260106_113709.jpg,20260106_113136.jpg,6,1.0596308158529593,6.95866060256958,0.1496851146221161,7.761793613433838,-0.5415419340133667
20260106_113709.jpg,20260106_113559.jpg,7,1.2322336321882097,6.95866060256958,0.1496851146221161,7.218859672546387,1.3541336059570312
20260106_113709.jpg,20260106_113619.jpg,8,1.369508393426278,6.95866060256958,0.1496851146221161,6.857071876525879,1.5154204368591309
20260106_113709.jpg,20260106_113308.jpg,9,1.4239631752784356,6.95866060256958,0.1496851146221161,8.378522872924805,0.2576770484447479
20260106_113709.jpg,20260106_113451.jpg,10,1.4878393646829045,6.95866060256958,0.1496851146221161,7.834749698638916,1.3522381782531738
20260106_113713.jpg,20260106_114005.jpg,1,0.4154689527267117,7.229029178619385,1.8415495157241821,7.640839576721191,1.7865345478057861
20260106_113713.jpg,20260106_113559.jpg,2,0.4875219871430499,7.229029178619385,1.8415495157241821,7.218859672546387,1.3541336059570312
20260106_113713.jpg,20260106_113619.jpg,3,0.49468415242662306,7.229029178619385,1.8415495157241821,6.857071876525879,1.5154204368591309
20260106_113713.jpg,20260106_113451.jpg,4,0.7786674086864034,7.229029178619385,1.8415495157241821,7.834749698638916,1.3522381782531738
20260106_113713.jpg,20260106_114000.jpg,5,0.9078115394501857,7.229029178619385,1.8415495157241821,8.13673210144043,1.855592131614685
20260106_113713.jpg,20260106_113447.jpg,6,1.0221854358719396,7.229029178619385,1.8415495157241821,7.535100936889648,0.8662633299827576
20260106_113713.jpg,20260106_113158.jpg,7,1.1708815789942137,7.229029178619385,1.8415495157241821,7.091817855834961,0.6787353754043579
20260106_113713.jpg,20260106_113604.jpg,8,1.4722646425658619,7.229029178619385,1.8415495157241821,7.880993843078613,0.5215096473693848
20260106_113713.jpg,20260106_114205.jpg,9,1.5672232738639198,7.229029178619385,1.8415495157241821,8.699027061462402,1.298138976097107
20260106_113713.jpg,20260106_113709.jpg,10,1.7133313510910992,7.229029178619385,1.8415495157241821,6.95866060256958,0.1496851146221161
20260106_113725.jpg,20260106_113654.jpg,1,0.4860332372495446,9.325148582458496,-2.007683515548706,8.878140449523926,-1.8168641328811646
20260106_113725.jpg,20260106_113532.jpg,2,0.682626117662756,9.325148582458496,-2.007683515548706,9.241682052612305,-1.3301794528961182
20260106_113725.jpg,20260106_113933.jpg,3,0.6881729735427428,9.325148582458496,-2.007683515548706,9.849774360656738,-1.5623186826705933
20260106_113725.jpg,20260106_113633.jpg,4,0.7551588330682213,9.325148582458496,-2.007683515548706,8.57304859161377,-2.0755839347839355
20260106_113725.jpg,20260106_113312.jpg,5,0.9218038233431193,9.325148582458496,-2.007683515548706,8.627548217773438,-1.405125617980957
20260106_113725.jpg,20260106_113843.jpg,6,0.9820156811755866,9.325148582458496,-2.007683515548706,9.906164169311523,-1.2159918546676636
20260106_113725.jpg,20260106_113545.jpg,7,1.2772857636733912,9.325148582458496,-2.007683515548706,9.29265308380127,-0.7308111786842346
20260106_113725.jpg,20260106_113628.jpg,8,1.413714948893548,9.325148582458496,-2.007683515548706,8.802614212036133,-0.6940824389457703
20260106_113725.jpg,20260106_113434.jpg,9,1.525853159427017,9.325148582458496,-2.007683515548706,9.74980640411377,-0.5421141386032104
20260106_113725.jpg,20260106_113210.jpg,10,1.718178975686063,9.325148582458496,-2.007683515548706,7.882533550262451,-1.0744092464447021
20260106_113730.jpg,20260106_113628.jpg,1,0.5100407203732659,8.29958724975586,-0.6097888350486755,8.802614212036133,-0.6940824389457703
20260106_113730.jpg,20260106_113136.jpg,2,0.5421066636459895,8.29958724975586,-0.6097888350486755,7.761793613433838,-0.5415419340133667
20260106_113730.jpg,20260106_113210.jpg,3,0.6243443880959859,8.29958724975586,-0.6097888350486755,7.882533550262451,-1.0744092464447021
20260106_113730.jpg,20260106_113312.jpg,4,0.8603016882629593,8.29958724975586,-0.6097888350486755,8.627548217773438,-1.405125617980957
20260106_113730.jpg,20260106_113308.jpg,5,0.8710498789564782,8.29958724975586,-0.6097888350486755,8.378522872924805,0.2576770484447479
20260106_113730.jpg,20260106_113206.jpg,6,0.901092227373571,8.29958724975586,-0.6097888350486755,7.413736343383789,-0.7748202681541443
20260106_113730.jpg,20260106_113545.jpg,7,1.000412993921685,8.29958724975586,-0.6097888350486755,9.29265308380127,-0.7308111786842346
20260106_113730.jpg,20260106_113124.jpg,8,1.0786550318485308,8.29958724975586,-0.6097888350486755,7.336836814880371,-0.12336486577987671
20260106_113730.jpg,20260106_113532.jpg,9,1.1859617446830841,8.29958724975586,-0.6097888350486755,9.241682052612305,-1.3301794528961182
20260106_113730.jpg,20260106_113604.jpg,10,1.2062573093809914,8.29958724975586,-0.6097888350486755,7.880993843078613,0.5215096473693848
20260106_113737.jpg,20260106_113326.jpg,1,0.3679118765839363,9.44431209564209,1.5786186456680298,9.087815284729004,1.487683653831482
20260106_113737.jpg,20260106_113808.jpg,2,0.5309670481770342,9.44431209564209,1.5786186456680298,8.973906517028809,1.8248798847198486
20260106_113737.jpg,20260106_114159.jpg,3,0.6804465922254332,9.44431209564209,1.5786186456680298,9.072344779968262,1.0088398456573486
20260106_113737.jpg,20260106_114205.jpg,4,0.7963156580243993,9.44431209564209,1.5786186456680298,8.699027061462402,1.298138976097107
20260106_113737.jpg,20260106_113916.jpg,5,1.2683828137981101,9.44431209564209,1.5786186456680298,9.502982139587402,0.3115934729576111
20260106_113737.jpg,20260106_114000.jpg,6,1.3365925905652236,9.44431209564209,1.5786186456680298,8.13673210144043,1.855592131614685
20260106_113737.jpg,20260106_113451.jpg,7,1.6254043268902576,9.44431209564209,1.5786186456680298,7.834749698638916,1.3522381782531738
20260106_113737.jpg,20260106_113740.jpg,8,1.6869255863783204,9.44431209564209,1.5786186456680298,9.823883056640625,-0.06504914909601212
20260106_113737.jpg,20260106_113308.jpg,9,1.6972900077874464,9.44431209564209,1.5786186456680298,8.378522872924805,0.2576770484447479
20260106_113737.jpg,20260106_114005.jpg,10,1.8154178992355032,9.44431209564209,1.5786186456680298,7.640839576721191,1.7865345478057861
20260106_113740.jpg,20260106_113434.jpg,1,0.48278189139930233,9.823883056640625,-0.06504914909601212,9.74980640411377,-0.5421141386032104
20260106_113740.jpg,20260106_113916.jpg,2,0.49481012854733253,9.823883056640625,-0.06504914909601212,9.502982139587402,0.3115934729576111
20260106_113740.jpg,20260106_113545.jpg,3,0.8517302179002055,9.823883056640625,-0.06504914909601212,9.29265308380127,-0.7308111786842346
20260106_113740.jpg,20260106_113843.jpg,4,1.1538801033950425,9.823883056640625,-0.06504914909601212,9.906164169311523,-1.2159918546676636
20260106_113740.jpg,20260106_113628.jpg,5,1.1994469278375781,9.823883056640625,-0.06504914909601212,8.802614212036133,-0.6940824389457703
20260106_113740.jpg,20260106_114159.jpg,6,1.3107430542848775,9.823883056640625,-0.06504914909601212,9.072344779968262,1.0088398456573486
20260106_113740.jpg,20260106_113532.jpg,7,1.3926638843184427,9.823883056640625,-0.06504914909601212,9.241682052612305,-1.3301794528961182
20260106_113740.jpg,20260106_113308.jpg,8,1.4809518085508886,9.823883056640625,-0.06504914909601212,8.378522872924805,0.2576770484447479
20260106_113740.jpg,20260106_113933.jpg,9,1.4974933775460573,9.823883056640625,-0.06504914909601212,9.849774360656738,-1.5623186826705933
20260106_113740.jpg,20260106_113730.jpg,10,1.6187090635250934,9.823883056640625,-0.06504914909601212,8.29958724975586,-0.6097888350486755
20260106_113808.jpg,20260106_113326.jpg,1,0.3559164304781359,8.973906517028809,1.8248798847198486,9.087815284729004,1.487683653831482
20260106_113808.jpg,20260106_113737.jpg,2,0.5309670481770342,8.973906517028809,1.8248798847198486,9.44431209564209,1.5786186456680298
20260106_113808.jpg,20260106_114205.jpg,3,0.5941504017580022,8.973906517028809,1.8248798847198486,8.699027061462402,1.298138976097107
20260106_113808.jpg,20260106_114159.jpg,4,0.8219558607149555,8.973906517028809,1.8248798847198486,9.072344779968262,1.0088398456573486
20260106_113808.jpg,20260106_114000.jpg,5,0.8377375747959938,8.973906517028809,1.8248798847198486,8.13673210144043,1.855592131614685
20260106_113808.jpg,20260106_113451.jpg,6,1.2333160339409819,8.973906517028809,1.8248798847198486,7.834749698638916,1.3522381782531738
20260106_113808.jpg,20260106_114005.jpg,7,1.3336183232860013,8.973906517028809,1.8248798847198486,7.640839576721191,1.7865345478057861
20260106_113808.jpg,20260106_113916.jpg,8,1.6031084736879135,8.973906517028809,1.8248798847198486,9.502982139587402,0.3115934729576111
20260106_113808.jpg,20260106_113308.jpg,9,1.6764863297072492,8.973906517028809,1.8248798847198486,8.378522872924805,0.2576770484447479
20260106_113808.jpg,20260106_113604.jpg,10,1.7009503486263113,8.973906517028809,1.8248798847198486,7.880993843078613,0.5215096473693848
20260106_113843.jpg,20260106_113933.jpg,1,0.3508875636364078,9.906164169311523,-1.2159918546676636,9.849774360656738,-1.5623186826705933
20260106_113843.jpg,20260106_113532.jpg,2,0.6742219894087237,9.906164169311523,-1.2159918546676636,9.241682052612305,-1.3301794528961182
20260106_113843.jpg,20260106_113434.jpg,3,0.6917795363740384,9.906164169311523,-1.2159918546676636,9.74980640411377,-0.5421141386032104
20260106_113843.jpg,20260106_113545.jpg,4,0.7821739834536221,9.906164169311523,-1.2159918546676636,9.29265308380127,-0.7308111786842346
20260106_113843.jpg,20260106_113725.jpg,5,0.9820156811755866,9.906164169311523,-1.2159918546676636,9.325148582458496,-2.007683515548706
20260106_113843.jpg,20260106_113740.jpg,6,1.1538801033950425,9.906164169311523,-1.2159918546676636,9.823883056640625,-0.06504914909601212
20260106_113843.jpg,20260106_113654.jpg,7,1.1907477747917112,9.906164169311523,-1.2159918546676636,8.878140449523926,-1.8168641328811646
20260106_113843.jpg,20260106_113628.jpg,8,1.2207423751233035,9.906164169311523,-1.2159918546676636,8.802614212036133,-0.6940824389457703
20260106_113843.jpg,20260106_113312.jpg,9,1.2925286580779143,9.906164169311523,-1.2159918546676636,8.627548217773438,-1.405125617980957
20260106_113843.jpg,20260106_113916.jpg,10,1.5798964150438723,9.906164169311523,-1.2159918546676636,9.502982139587402,0.3115934729576111
20260106_113916.jpg,20260106_113740.jpg,1,0.49481012854733253,9.502982139587402,0.3115934729576111,9.823883056640625,-0.06504914909601212
20260106_113916.jpg,20260106_114159.jpg,2,0.8195126843085996,9.502982139587402,0.3115934729576111,9.072344779968262,1.0088398456573486
20260106_113916.jpg,20260106_113434.jpg,3,0.8886725513910423,9.502982139587402,0.3115934729576111,9.74980640411377,-0.5421141386032104
20260106_113916.jpg,20260106_113545.jpg,4,1.0634123233593091,9.502982139587402,0.3115934729576111,9.29265308380127,-0.7308111786842346
20260106_113916.jpg,20260106_113308.jpg,5,1.1257511373370397,9.502982139587402,0.3115934729576111,8.378522872924805,0.2576770484447479
20260106_113916.jpg,20260106_113628.jpg,6,1.2255200013566314,9.502982139587402,0.3115934729576111,8.802614212036133,-0.6940824389457703
20260106_113916.jpg,20260106_113326.jpg,7,1.2472175555695761,9.502982139587402,0.3115934729576111,9.087815284729004,1.487683653831482
20260106_113916.jpg,20260106_113737.jpg,8,1.2683828137981101,9.502982139587402,0.3115934729576111,9.44431209564209,1.5786186456680298
20260106_113916.jpg,20260106_114205.jpg,9,1.272641268153652,9.502982139587402,0.3115934729576111,8.699027061462402,1.298138976097107
20260106_113916.jpg,20260106_113730.jpg,10,1.5156202091486057,9.502982139587402,0.3115934729576111,8.29958724975586,-0.6097888350486755
20260106_113933.jpg,20260106_113843.jpg,1,0.3508875636364078,9.849774360656738,-1.5623186826705933,9.906164169311523,-1.2159918546676636
20260106_113933.jpg,20260106_113532.jpg,2,0.6508954425275175,9.849774360656738,-1.5623186826705933,9.241682052612305,-1.3301794528961182
20260106_113933.jpg,20260106_113725.jpg,3,0.6881729735427428,9.849774360656738,-1.5623186826705933,9.325148582458496,-2.007683515548706
20260106_113933.jpg,20260106_113545.jpg,4,1.0008940235163222,9.849774360656738,-1.5623186826705933,9.29265308380127,-0.7308111786842346
20260106_113933.jpg,20260106_113654.jpg,5,1.0044231396608447,9.849774360656738,-1.5623186826705933,8.878140449523926,-1.8168641328811646
20260106_113933.jpg,20260106_113434.jpg,6,1.0250906809015061,9.849774360656738,-1.5623186826705933,9.74980640411377,-0.5421141386032104
20260106_113933.jpg,20260106_113312.jpg,7,1.2322931485380866,9.849774360656738,-1.5623186826705933,8.627548217773438,-1.405125617980957
20260106_113933.jpg,20260106_113628.jpg,8,1.3602862021561928,9.849774360656738,-1.5623186826705933,8.802614212036133,-0.6940824389457703
20260106_113933.jpg,20260106_113633.jpg,9,1.3760341232561542,9.849774360656738,-1.5623186826705933,8.57304859161377,-2.0755839347839355
20260106_113933.jpg,20260106_113740.jpg,10,1.4974933775460573,9.849774360656738,-1.5623186826705933,9.823883056640625,-0.06504914909601212
20260106_114000.jpg,20260106_114005.jpg,1,0.5006778864239397,8.13673210144043,1.855592131614685,7.640839576721191,1.7865345478057861
20260106_114000.jpg,20260106_113451.jpg,2,0.5869911191546582,8.13673210144043,1.855592131614685,7.834749698638916,1.3522381782531738
20260106_114000.jpg,20260106_114205.jpg,3,0.7917888876857372,8.13673210144043,1.855592131614685,8.699027061462402,1.298138976097107
20260106_114000.jpg,20260106_113808.jpg,4,0.8377375747959938,8.13673210144043,1.855592131614685,8.973906517028809,1.8248798847198486
20260106_114000.jpg,20260106_113713.jpg,5,0.9078115394501857,8.13673210144043,1.855592131614685,7.229029178619385,1.8415495157241821
20260106_114000.jpg,20260106_113326.jpg,6,1.0197626535420294,8.13673210144043,1.855592131614685,9.087815284729004,1.487683653831482
20260106_114000.jpg,20260106_113559.jpg,7,1.045920861575386,8.13673210144043,1.855592131614685,7.218859672546387,1.3541336059570312
20260106_114000.jpg,20260106_113447.jpg,8,1.1578996225481701,8.13673210144043,1.855592131614685,7.535100936889648,0.8662633299827576
20260106_114000.jpg,20260106_114159.jpg,9,1.2618876804200916,8.13673210144043,1.855592131614685,9.072344779968262,1.0088398456573486
20260106_114000.jpg,20260106_113619.jpg,10,1.3241023650538597,8.13673210144043,1.855592131614685,6.857071876525879,1.5154204368591309
20260106_114005.jpg,20260106_113713.jpg,1,0.4154689527267117,7.640839576721191,1.7865345478057861,7.229029178619385,1.8415495157241821
20260106_114005.jpg,20260106_113451.jpg,2,0.4756200920784634,7.640839576721191,1.7865345478057861,7.834749698638916,1.3522381782531738
20260106_114005.jpg,20260106_114000.jpg,3,0.5006778864239397,7.640839576721191,1.7865345478057861,8.13673210144043,1.855592131614685
20260106_114005.jpg,20260106_113559.jpg,4,0.6041834274780032,7.640839576721191,1.7865345478057861,7.218859672546387,1.3541336059570312
20260106_114005.jpg,20260106_113619.jpg,5,0.829333870659968,7.640839576721191,1.7865345478057861,6.857071876525879,1.5154204368591309
20260106_114005.jpg,20260106_113447.jpg,6,0.926325954676271,7.640839576721191,1.7865345478057861,7.535100936889648,0.8662633299827576
20260106_114005.jpg,20260106_114205.jpg,7,1.1654574154929807,7.640839576721191,1.7865345478057861,8.699027061462402,1.298138976097107
20260106_114005.jpg,20260106_113158.jpg,8,1.2363833775889124,7.640839576721191,1.7865345478057861,7.091817855834961,0.6787353754043579
20260106_114005.jpg,20260106_113604.jpg,9,1.287618759716477,7.640839576721191,1.7865345478057861,7.880993843078613,0.5215096473693848
20260106_114005.jpg,20260106_113808.jpg,10,1.3336183232860013,7.640839576721191,1.7865345478057861,8.973906517028809,1.8248798847198486
20260106_114159.jpg,20260106_114205.jpg,1,0.4722923944164466,9.072344779968262,1.0088398456573486,8.699027061462402,1.298138976097107
20260106_114159.jpg,20260106_113326.jpg,2,0.4790936538342564,9.072344779968262,1.0088398456573486,9.087815284729004,1.487683653831482
20260106_114159.jpg,20260106_113737.jpg,3,0.6804465922254332,9.072344779968262,1.0088398456573486,9.44431209564209,1.5786186456680298
20260106_114159.jpg,20260106_113916.jpg,4,0.8195126843085996,9.072344779968262,1.0088398456573486,9.502982139587402,0.3115934729576111
20260106_114159.jpg,20260106_113808.jpg,5,0.8219558607149555,9.072344779968262,1.0088398456573486,8.973906517028809,1.8248798847198486
20260106_114159.jpg,20260106_113308.jpg,6,1.0225626565691113,9.072344779968262,1.0088398456573486,8.378522872924805,0.2576770484447479
20260106_114159.jpg,20260106_114000.jpg,7,1.2618876804200916,9.072344779968262,1.0088398456573486,8.13673210144043,1.855592131614685
20260106_114159.jpg,20260106_113451.jpg,8,1.284353533946235,9.072344779968262,1.0088398456573486,7.834749698638916,1.3522381782531738
20260106_114159.jpg,20260106_113604.jpg,9,1.2871704537438813,9.072344779968262,1.0088398456573486,7.880993843078613,0.5215096473693848
20260106_114159.jpg,20260106_113740.jpg,10,1.3107430542848775,9.072344779968262,1.0088398456573486,9.823883056640625,-0.06504914909601212
20260106_114205.jpg,20260106_113326.jpg,1,0.43253146406733106,8.699027061462402,1.298138976097107,9.087815284729004,1.487683653831482
20260106_114205.jpg,20260106_114159.jpg,2,0.4722923944164466,8.699027061462402,1.298138976097107,9.072344779968262,1.0088398456573486
20260106_114205.jpg,20260106_113808.jpg,3,0.5941504017580022,8.699027061462402,1.298138976097107,8.973906517028809,1.8248798847198486
20260106_114205.jpg,20260106_114000.jpg,4,0.7917888876857372,8.699027061462402,1.298138976097107,8.13673210144043,1.855592131614685
20260106_114205.jpg,20260106_113737.jpg,5,0.7963156580243993,8.699027061462402,1.298138976097107,9.44431209564209,1.5786186456680298
20260106_114205.jpg,20260106_113451.jpg,6,0.8659688698579431,8.699027061462402,1.298138976097107,7.834749698638916,1.3522381782531738
20260106_114205.jpg,20260106_113308.jpg,7,1.0887074711621147,8.699027061462402,1.298138976097107,8.378522872924805,0.2576770484447479
20260106_114205.jpg,20260106_113604.jpg,8,1.1279767110270549,8.699027061462402,1.298138976097107,7.880993843078613,0.5215096473693848
20260106_114205.jpg,20260106_114005.jpg,9,1.1654574154929807,8.699027061462402,1.298138976097107,7.640839576721191,1.7865345478057861
20260106_114205.jpg,20260106_113447.jpg,10,1.2414671148160294,8.699027061462402,1.298138976097107,7.535100936889648,0.8662633299827576
