source,neighbor,rank,distance
DJI_0460.JPG,DJI_0478.JPG,1,0.25011702946031555
DJI_0460.JPG,DJI_0461.JPG,2,0.275163301825509
DJI_0460.JPG,DJI_0462.JPG,3,0.3120861898498754
DJI_0460.JPG,DJI_0512.JPG,4,0.3985069119391835
DJI_0460.JPG,DJI_0551.JPG,5,0.5921863141567922
DJI_0460.JPG,DJI_0463.JPG,6,0.5947439897408752
DJI_0460.JPG,DJI_0521.JPG,7,0.6254108196551303
DJI_0460.JPG,DJI_0481.JPG,8,0.6919380501114077
DJI_0460.JPG,DJI_0547.JPG,9,0.7153790223810144
DJI_0460.JPG,DJI_0535.JPG,10,0.9178087305340576
DJI_0461.JPG,DJI_0460.JPG,1,0.275163301825509
DJI_0461.JPG,DJI_0478.JPG,2,0.27592651212492025
DJI_0461.JPG,DJI_0512.JPG,3,0.29043638882379735
DJI_0461.JPG,DJI_0551.JPG,4,0.3225277652996019
DJI_0461.JPG,DJI_0547.JPG,5,0.4412967685448396
DJI_0461.JPG,DJI_0463.JPG,6,0.4604949781817995
DJI_0461.JPG,DJI_0462.JPG,7,0.5189954787557011
DJI_0461.JPG,DJI_0521.JPG,8,0.5613352990993686
DJI_0461.JPG,DJI_0535.JPG,9,0.7005118574940485
DJI_0461.JPG,DJI_0481.JPG,10,0.7268889551172207
DJI_0462.JPG,DJI_0478.JPG,1,0.28995266449311335
DJI_0462.JPG,DJI_0460.JPG,2,0.3120861898498754
DJI_0462.JPG,DJI_0481.JPG,3,0.48571170175519324
DJI_0462.JPG,DJI_0461.JPG,4,0.5189954787557011
DJI_0462.JPG,DJI_0463.JPG,5,0.5995166220014895
DJI_0462.JPG,DJI_0512.JPG,6,0.7083705863741323
DJI_0462.JPG,DJI_0551.JPG,7,0.7798052996786734
DJI_0462.JPG,DJI_0521.JPG,8,0.935509549142985
DJI_0462.JPG,DJI_0547.JPG,9,0.9404749493582493
DJI_0462.JPG,DJI_0497.JPG,10,1.1919099713001058
DJI_0463.JPG,DJI_0478.JPG,1,0.3586278943660437
DJI_0463.JPG,DJI_0551.JPG,2,0.40550575230678343
DJI_0463.JPG,DJI_0481.JPG,3,0.4255985720726071
DJI_0463.JPG,DJI_0461.JPG,4,0.4604949781817995
DJI_0463.JPG,DJI_0547.JPG,5,0.5881668977561825
DJI_0463.JPG,DJI_0460.JPG,6,0.5947439897408752
DJI_0463.JPG,DJI_0462.JPG,7,0.5995166220014895
DJI_0463.JPG,DJI_0480.JPG,8,0.6442846830369561
DJI_0463.JPG,DJI_0512.JPG,9,0.7451324769354162
DJI_0463.JPG,DJI_0497.JPG,10,0.8207974679649134
DJI_0464.JPG,DJI_0486.JPG,1,0.17072216504652332
DJI_0464.JPG,DJI_0465.JPG,2,0.2966331702172275
DJI_0464.JPG,DJI_0466.JPG,3,0.2982746075687988
DJI_0464.JPG,DJI_0550.JPG,4,0.3460392555904483
DJI_0464.JPG,DJI_0467.JPG,5,0.4304744744576522
DJI_0464.JPG,DJI_0496.JPG,6,0.4442049238901653
DJI_0464.JPG,DJI_0490.JPG,7,0.45359908674562766
DJI_0464.JPG,DJI_0497.JPG,8,0.7266267511173431
DJI_0464.JPG,DJI_0487.JPG,9,0.8157891436272383
DJI_0464.JPG,DJI_0483.JPG,10,0.901143331080256
DJI_0465.JPG,DJI_0496.JPG,1,0.2579102823329245
DJI_0465.JPG,DJI_0486.JPG,2,0.2716840236704293
DJI_0465.JPG,DJI_0464.JPG,3,0.2966331702172275
DJI_0465.JPG,DJI_0466.JPG,4,0.3472014698554304
DJI_0465.JPG,DJI_0467.JPG,5,0.5396170028206198
DJI_0465.JPG,DJI_0490.JPG,6,0.5795463050306896
DJI_0465.JPG,DJI_0550.JPG,7,0.6426509408088439
DJI_0465.JPG,DJI_0487.JPG,8,0.7161454388282452
DJI_0465.JPG,DJI_0483.JPG,9,0.8381710083744006
DJI_0465.JPG,DJI_0497.JPG,10,1.0089697762365015
DJI_0466.JPG,DJI_0467.JPG,1,0.19288764781529166
DJI_0466.JPG,DJI_0464.JPG,2,0.2982746075687988
DJI_0466.JPG,DJI_0465.JPG,3,0.3472014698554304
DJI_0466.JPG,DJI_0486.JPG,4,0.4375839394925541
DJI_0466.JPG,DJI_0550.JPG,5,0.5208632172430467
DJI_0466.JPG,DJI_0496.JPG,6,0.5967905162031086
DJI_0466.JPG,DJI_0490.JPG,7,0.7493589467969384
DJI_0466.JPG,DJI_0497.JPG,8,0.773032506919627
DJI_0466.JPG,DJI_0487.JPG,9,1.0380537543404809
DJI_0466.JPG,DJI_0483.JPG,10,1.1450731812808492
DJI_0467.JPG,DJI_0466.JPG,1,0.19288764781529166
DJI_0467.JPG,DJI_0464.JPG,2,0.4304744744576522
DJI_0467.JPG,DJI_0550.JPG,3,0.5285013262678859
DJI_0467.JPG,DJI_0465.JPG,4,0.5396170028206198
DJI_0467.JPG,DJI_0486.JPG,5,0.5927803632449017
DJI_0467.JPG,DJI_0497.JPG,6,0.6687720083100596
DJI_0467.JPG,DJI_0496.JPG,7,0.7858249252844589
DJI_0467.JPG,DJI_0490.JPG,8,0.878374070926306
DJI_0467.JPG,DJI_0487.JPG,9,1.217852922698092
DJI_0467.JPG,DJI_0504.JPG,10,1.2559184498899292
DJI_0468.JPG,DJI_0539.JPG,1,0.39172275257563643
DJI_0468.JPG,DJI_0493.JPG,2,0.4444187311712248
DJI_0468.JPG,DJI_0535.JPG,3,0.5610101640737416
DJI_0468.JPG,DJI_0495.JPG,4,0.564691629349871
DJI_0468.JPG,DJI_0532.JPG,5,0.5746782311199777
DJI_0468.JPG,DJI_0538.JPG,6,0.6618704968154758
DJI_0468.JPG,DJI_0540.JPG,7,0.6649326772008601
DJI_0468.JPG,DJI_0537.JPG,8,0.6898209846675766
DJI_0468.JPG,DJI_0533.JPG,9,0.7227011619324568
DJI_0468.JPG,DJI_0534.JPG,10,0.7547029295068668
DJI_0469.JPG,DJI_0499.JPG,1,0.27093373814919713
DJI_0469.JPG,DJI_0508.JPG,2,0.5007576033457146
DJI_0469.JPG,DJI_0474.JPG,3,0.531175186618828
DJI_0469.JPG,DJI_0471.JPG,4,0.5652841427525174
DJI_0469.JPG,DJI_0475.JPG,5,0.6282878174763654
DJI_0469.JPG,DJI_0509.JPG,6,0.6305039371249469
DJI_0469.JPG,DJI_0500.JPG,7,0.6473107028240606
DJI_0469.JPG,DJI_0542.JPG,8,0.7808075729676613
DJI_0469.JPG,DJI_0502.JPG,9,0.9124142954730384
DJI_0469.JPG,DJI_0506.JPG,10,0.9446685557194987
DJI_0470.JPG,DJI_0503.JPG,1,0.12721749380203518
DJI_0470.JPG,DJI_0484.JPG,2,0.24196485880776095
DJI_0470.JPG,DJI_0479.JPG,3,0.3340073414204034
DJI_0470.JPG,DJI_0485.JPG,4,0.3522518609256106
DJI_0470.JPG,DJI_0498.JPG,5,0.45533294084156306
DJI_0470.JPG,DJI_0473.JPG,6,0.7724341919780978
DJI_0470.JPG,DJI_0507.JPG,7,0.7845113198578515
DJI_0470.JPG,DJI_0472.JPG,8,0.800514614559846
DJI_0470.JPG,DJI_0482.JPG,9,0.8872278564364815
DJI_0470.JPG,DJI_0544.JPG,10,1.0075335115034691
DJI_0471.JPG,DJI_0474.JPG,1,0.18074701263408843
DJI_0471.JPG,DJI_0508.JPG,2,0.2783805682231818
DJI_0471.JPG,DJI_0500.JPG,3,0.3466109603082747
DJI_0471.JPG,DJI_0499.JPG,4,0.3744654047887472
DJI_0471.JPG,DJI_0542.JPG,5,0.42117541868122044
DJI_0471.JPG,DJI_0502.JPG,6,0.44903557818780754
DJI_0471.JPG,DJI_0469.JPG,7,0.5652841427525174
DJI_0471.JPG,DJI_0548.JPG,8,0.679434119546903
DJI_0471.JPG,DJI_0475.JPG,9,0.6983176481103951
DJI_0471.JPG,DJI_0494.JPG,10,0.7810758490336083
DJI_0472.JPG,DJI_0502.JPG,1,0.45691192978798434
DJI_0472.JPG,DJI_0507.JPG,2,0.47663194599039505
DJI_0472.JPG,DJI_0505.JPG,3,0.49192943906177744
DJI_0472.JPG,DJI_0479.JPG,4,0.5138810497549249
DJI_0472.JPG,DJI_0501.JPG,5,0.597888025512908
DJI_0472.JPG,DJI_0500.JPG,6,0.7299010718998604
DJI_0472.JPG,DJI_0494.JPG,7,0.7551783971089574
DJI_0472.JPG,DJI_0470.JPG,8,0.800514614559846
DJI_0472.JPG,DJI_0506.JPG,9,0.8405206324266247
DJI_0472.JPG,DJI_0503.JPG,10,0.8651676339587621
DJI_0473.JPG,DJI_0530.JPG,1,0.260267616859983
DJI_0473.JPG,DJI_0498.JPG,2,0.3334705015039317
DJI_0473.JPG,DJI_0529.JPG,3,0.40358461080917424
DJI_0473.JPG,DJI_0504.JPG,4,0.5654975331512067
DJI_0473.JPG,DJI_0489.JPG,5,0.5776734149388842
DJI_0473.JPG,DJI_0485.JPG,6,0.6274856869206354
DJI_0473.JPG,DJI_0503.JPG,7,0.6671889609144219
DJI_0473.JPG,DJI_0470.JPG,8,0.7724341919780978
DJI_0473.JPG,DJI_0490.JPG,9,0.8058685552966361
DJI_0473.JPG,DJI_0483.JPG,10,0.8095016858769025
DJI_0474.JPG,DJI_0508.JPG,1,0.10211034177363777
DJI_0474.JPG,DJI_0471.JPG,2,0.18074701263408843
DJI_0474.JPG,DJI_0542.JPG,3,0.2888953676960262
DJI_0474.JPG,DJI_0499.JPG,4,0.42722137344745054
DJI_0474.JPG,DJI_0500.JPG,5,0.5177641531488815
DJI_0474.JPG,DJI_0469.JPG,6,0.531175186618828
DJI_0474.JPG,DJI_0502.JPG,7,0.6236029237110872
DJI_0474.JPG,DJI_0548.JPG,8,0.6445708282256549
DJI_0474.JPG,DJI_0475.JPG,9,0.8229814071478307
DJI_0474.JPG,DJI_0494.JPG,10,0.8240732963555959
DJI_0475.JPG,DJI_0506.JPG,1,0.33902830231936326
DJI_0475.JPG,DJI_0477.JPG,2,0.40019844446186703
DJI_0475.JPG,DJI_0500.JPG,3,0.42689805218598703
DJI_0475.JPG,DJI_0499.JPG,4,0.4429633987902753
DJI_0475.JPG,DJI_0509.JPG,5,0.47858553092486383
DJI_0475.JPG,DJI_0501.JPG,6,0.5095257715249981
DJI_0475.JPG,DJI_0476.JPG,7,0.5182824006142984
DJI_0475.JPG,DJI_0510.JPG,8,0.5371195032283339
DJI_0475.JPG,DJI_0505.JPG,9,0.610371638409153
DJI_0475.JPG,DJI_0469.JPG,10,0.6282878174763654
DJI_0476.JPG,DJI_0477.JPG,1,0.15635094002008526
DJI_0476.JPG,DJI_0510.JPG,2,0.1606109803470206
DJI_0476.JPG,DJI_0506.JPG,3,0.4830687450792464
DJI_0476.JPG,DJI_0475.JPG,4,0.5182824006142984
DJI_0476.JPG,DJI_0509.JPG,5,0.5970229651218849
DJI_0476.JPG,DJI_0501.JPG,6,0.7195321938004663
DJI_0476.JPG,DJI_0505.JPG,7,0.8241149759066976
DJI_0476.JPG,DJI_0500.JPG,8,0.9037171662068212
DJI_0476.JPG,DJI_0499.JPG,9,0.9506939935086077
DJI_0476.JPG,DJI_0507.JPG,10,1.0201569735827292
DJI_0477.JPG,DJI_0476.JPG,1,0.15635094002008526
DJI_0477.JPG,DJI_0510.JPG,2,0.2783928541041246
DJI_0477.JPG,DJI_0506.JPG,3,0.32742074468911697
DJI_0477.JPG,DJI_0475.JPG,4,0.40019844446186703
DJI_0477.JPG,DJI_0501.JPG,5,0.5663059655138021
DJI_0477.JPG,DJI_0509.JPG,6,0.6041672663869091
DJI_0477.JPG,DJI_0505.JPG,7,0.672513710399036
DJI_0477.JPG,DJI_0500.JPG,8,0.7581321592684398
DJI_0477.JPG,DJI_0499.JPG,9,0.8426163063356068
DJI_0477.JPG,DJI_0507.JPG,10,0.8899821517318677
DJI_0478.JPG,DJI_0460.JPG,1,0.25011702946031555
DJI_0478.JPG,DJI_0461.JPG,2,0.27592651212492025
DJI_0478.JPG,DJI_0462.JPG,3,0.28995266449311335
DJI_0478.JPG,DJI_0463.JPG,4,0.3586278943660437
DJI_0478.JPG,DJI_0481.JPG,5,0.47168812781394176
DJI_0478.JPG,DJI_0551.JPG,6,0.4921493078649175
DJI_0478.JPG,DJI_0512.JPG,7,0.5379415542428612
DJI_0478.JPG,DJI_0547.JPG,8,0.6598276178145324
DJI_0478.JPG,DJI_0521.JPG,9,0.8012387852940593
DJI_0478.JPG,DJI_0535.JPG,10,0.9736099511035647
DJI_0479.JPG,DJI_0470.JPG,1,0.3340073414204034
DJI_0479.JPG,DJI_0503.JPG,2,0.36285122364721967
DJI_0479.JPG,DJI_0472.JPG,3,0.5138810497549249
DJI_0479.JPG,DJI_0484.JPG,4,0.5207337011096862
DJI_0479.JPG,DJI_0498.JPG,5,0.6656097659554323
DJI_0479.JPG,DJI_0507.JPG,6,0.6763151450952747
DJI_0479.JPG,DJI_0485.JPG,7,0.686045201412633
DJI_0479.JPG,DJI_0482.JPG,8,0.7775501903791661
DJI_0479.JPG,DJI_0544.JPG,9,0.8247016889663954
DJI_0479.JPG,DJI_0505.JPG,10,0.9065172649167674
DJI_0480.JPG,DJI_0504.JPG,1,0.33091579926973375
DJI_0480.JPG,DJI_0529.JPG,2,0.48242748328077356
DJI_0480.JPG,DJI_0530.JPG,3,0.6035768597947087
DJI_0480.JPG,DJI_0463.JPG,4,0.6442846830369561
DJI_0480.JPG,DJI_0489.JPG,5,0.7004531141578321
DJI_0480.JPG,DJI_0551.JPG,6,0.7178809818118237
DJI_0480.JPG,DJI_0534.JPG,7,0.7220966510785848
DJI_0480.JPG,DJI_0550.JPG,8,0.7543085640186452
DJI_0480.JPG,DJI_0547.JPG,9,0.7785539039700671
DJI_0480.JPG,DJI_0497.JPG,10,0.7895199524440117
DJI_0481.JPG,DJI_0463.JPG,1,0.4255985720726071
DJI_0481.JPG,DJI_0478.JPG,2,0.47168812781394176
DJI_0481.JPG,DJI_0462.JPG,3,0.48571170175519324
DJI_0481.JPG,DJI_0460.JPG,4,0.6919380501114077
DJI_0481.JPG,DJI_0497.JPG,5,0.709818468739854
DJI_0481.JPG,DJI_0461.JPG,6,0.7268889551172207
DJI_0481.JPG,DJI_0551.JPG,7,0.8086996233393643
DJI_0481.JPG,DJI_0480.JPG,8,0.9490908575624765
DJI_0481.JPG,DJI_0547.JPG,9,0.9957238370062534
DJI_0481.JPG,DJI_0512.JPG,10,1.0063033089210967
DJI_0482.JPG,DJI_0544.JPG,1,0.22873124615118595
DJI_0482.JPG,DJI_0537.JPG,2,0.5654149947810566
DJI_0482.JPG,DJI_0549.JPG,3,0.6373247435631947
DJI_0482.JPG,DJI_0489.JPG,4,0.6777750769800204
DJI_0482.JPG,DJI_0498.JPG,5,0.7195959033295327
DJI_0482.JPG,DJI_0479.JPG,6,0.7775501903791661
DJI_0482.JPG,DJI_0503.JPG,7,0.7827838521360212
DJI_0482.JPG,DJI_0493.JPG,8,0.8114188409773698
DJI_0482.JPG,DJI_0536.JPG,9,0.8332621033936156
DJI_0482.JPG,DJI_0534.JPG,10,0.8671480571100434
DJI_0483.JPG,DJI_0487.JPG,1,0.14857156039041772
DJI_0483.JPG,DJI_0490.JPG,2,0.5610634132442697
DJI_0483.JPG,DJI_0496.JPG,3,0.5908629680502229
DJI_0483.JPG,DJI_0486.JPG,4,0.7308466839494149
DJI_0483.JPG,DJI_0485.JPG,5,0.7738348994410792
DJI_0483.JPG,DJI_0473.JPG,6,0.8095016858769025
DJI_0483.JPG,DJI_0465.JPG,7,0.8381710083744006
DJI_0483.JPG,DJI_0464.JPG,8,0.901143331080256
DJI_0483.JPG,DJI_0530.JPG,9,0.907830812321573
DJI_0483.JPG,DJI_0498.JPG,10,0.9473844262059824
DJI_0484.JPG,DJI_0470.JPG,1,0.24196485880776095
DJI_0484.JPG,DJI_0485.JPG,2,0.2878028347934911
DJI_0484.JPG,DJI_0503.JPG,3,0.3477861942111867
DJI_0484.JPG,DJI_0479.JPG,4,0.5207337011096862
DJI_0484.JPG,DJI_0498.JPG,5,0.6055112458400926
DJI_0484.JPG,DJI_0507.JPG,6,0.7362330961818997
DJI_0484.JPG,DJI_0473.JPG,7,0.8751767488488236
DJI_0484.JPG,DJI_0472.JPG,8,0.8929112926806068
DJI_0484.JPG,DJI_0483.JPG,9,1.027402671447891
DJI_0484.JPG,DJI_0505.JPG,10,1.0782948025929902
DJI_0485.JPG,DJI_0484.JPG,1,0.2878028347934911
DJI_0485.JPG,DJI_0470.JPG,2,0.3522518609256106
DJI_0485.JPG,DJI_0503.JPG,3,0.3628629546592594
DJI_0485.JPG,DJI_0498.JPG,4,0.4312978813173734
DJI_0485.JPG,DJI_0473.JPG,5,0.6274856869206354
DJI_0485.JPG,DJI_0479.JPG,6,0.686045201412633
DJI_0485.JPG,DJI_0483.JPG,7,0.7738348994410792
DJI_0485.JPG,DJI_0530.JPG,8,0.8834374842756957
DJI_0485.JPG,DJI_0487.JPG,9,0.9199887720936666
DJI_0485.JPG,DJI_0507.JPG,10,1.0233275967832616
DJI_0486.JPG,DJI_0464.JPG,1,0.17072216504652332
DJI_0486.JPG,DJI_0465.JPG,2,0.2716840236704293
DJI_0486.JPG,DJI_0496.JPG,3,0.3101291573560224
DJI_0486.JPG,DJI_0490.JPG,4,0.3271127873255395
DJI_0486.JPG,DJI_0466.JPG,5,0.4375839394925541
DJI_0486.JPG,DJI_0550.JPG,6,0.4485256163378005
DJI_0486.JPG,DJI_0467.JPG,7,0.5927803632449017
DJI_0486.JPG,DJI_0487.JPG,8,0.6457292464970921
DJI_0486.JPG,DJI_0483.JPG,9,0.7308466839494149
DJI_0486.JPG,DJI_0497.JPG,10,0.8585042452154283
DJI_0487.JPG,DJI_0483.JPG,1,0.14857156039041772
DJI_0487.JPG,DJI_0496.JPG,2,0.46166492001829174
DJI_0487.JPG,DJI_0490.JPG,3,0.5428378102785888
DJI_0487.JPG,DJI_0486.JPG,4,0.6457292464970921
DJI_0487.JPG,DJI_0465.JPG,5,0.7161454388282452
DJI_0487.JPG,DJI_0464.JPG,6,0.8157891436272383
DJI_0487.JPG,DJI_0485.JPG,7,0.9199887720936666
DJI_0487.JPG,DJI_0473.JPG,8,0.9346668790999285
DJI_0487.JPG,DJI_0530.JPG,9,1.0070701390199517
DJI_0487.JPG,DJI_0550.JPG,10,1.0363254943430569
DJI_0488.JPG,DJI_0518.JPG,1,0.1607363893724069
DJI_0488.JPG,DJI_0491.JPG,2,0.363250812378859
DJI_0488.JPG,DJI_0526.JPG,3,0.4451877021701454
DJI_0488.JPG,DJI_0517.JPG,4,0.4660910678507733
DJI_0488.JPG,DJI_0541.JPG,5,0.6285260546031267
DJI_0488.JPG,DJI_0545.JPG,6,0.6690292890402192
DJI_0488.JPG,DJI_0511.JPG,7,0.7450370844553521
DJI_0488.JPG,DJI_0528.JPG,8,0.8825769125948162
DJI_0488.JPG,DJI_0519.JPG,9,0.8864414088261464
DJI_0488.JPG,DJI_0522.JPG,10,0.9033747569298823
DJI_0489.JPG,DJI_0534.JPG,1,0.36826864577547785
DJI_0489.JPG,DJI_0529.JPG,2,0.37091088973344527
DJI_0489.JPG,DJI_0537.JPG,3,0.3909247272640467
DJI_0489.JPG,DJI_0530.JPG,4,0.46150007815160693
DJI_0489.JPG,DJI_0473.JPG,5,0.5776734149388842
DJI_0489.JPG,DJI_0504.JPG,6,0.619914846969767
DJI_0489.JPG,DJI_0482.JPG,7,0.6777750769800204
DJI_0489.JPG,DJI_0480.JPG,8,0.7004531141578321
DJI_0489.JPG,DJI_0498.JPG,9,0.7194558361599734
DJI_0489.JPG,DJI_0495.JPG,10,0.7393950095179571
DJI_0490.JPG,DJI_0486.JPG,1,0.3271127873255395
DJI_0490.JPG,DJI_0464.JPG,2,0.45359908674562766
DJI_0490.JPG,DJI_0496.JPG,3,0.48330898142253187
DJI_0490.JPG,DJI_0550.JPG,4,0.5305088695687836
DJI_0490.JPG,DJI_0487.JPG,5,0.5428378102785888
DJI_0490.JPG,DJI_0483.JPG,6,0.5610634132442697
DJI_0490.JPG,DJI_0465.JPG,7,0.5795463050306896
DJI_0490.JPG,DJI_0504.JPG,8,0.6069485301185995
DJI_0490.JPG,DJI_0530.JPG,9,0.7268290578212326
DJI_0490.JPG,DJI_0466.JPG,10,0.7493589467969384
DJI_0491.JPG,DJI_0541.JPG,1,0.26912469815326967
DJI_0491.JPG,DJI_0517.JPG,2,0.34992682688753013
DJI_0491.JPG,DJI_0488.JPG,3,0.363250812378859
DJI_0491.JPG,DJI_0518.JPG,4,0.4975237729417805
DJI_0491.JPG,DJI_0511.JPG,5,0.5448275100066625
DJI_0491.JPG,DJI_0545.JPG,6,0.7102444291312074
DJI_0491.JPG,DJI_0492.JPG,7,0.7350170112808776
DJI_0491.JPG,DJI_0548.JPG,8,0.7698632277922411
DJI_0491.JPG,DJI_0526.JPG,9,0.7722116280460858
DJI_0491.JPG,DJI_0531.JPG,10,0.7937437518025624
DJI_0492.JPG,DJI_0494.JPG,1,0.26452381354980997
DJI_0492.JPG,DJI_0548.JPG,2,0.46427557614387954
DJI_0492.JPG,DJI_0549.JPG,3,0.49783183804497905
DJI_0492.JPG,DJI_0531.JPG,4,0.576916709139214
DJI_0492.JPG,DJI_0541.JPG,5,0.6027977761094644
DJI_0492.JPG,DJI_0491.JPG,6,0.7350170112808776
DJI_0492.JPG,DJI_0536.JPG,7,0.8279628425809507
DJI_0492.JPG,DJI_0545.JPG,8,0.8631362365139794
DJI_0492.JPG,DJI_0542.JPG,9,0.8864742051746977
DJI_0492.JPG,DJI_0544.JPG,10,0.9032925718760366
DJI_0493.JPG,DJI_0539.JPG,1,0.2568892954564959
DJI_0493.JPG,DJI_0540.JPG,2,0.3808167882931053
DJI_0493.JPG,DJI_0468.JPG,3,0.4444187311712248
DJI_0493.JPG,DJI_0538.JPG,4,0.5105946655377415
DJI_0493.JPG,DJI_0536.JPG,5,0.5386499394416383
DJI_0493.JPG,DJI_0537.JPG,6,0.6397472101201094
DJI_0493.JPG,DJI_0524.JPG,7,0.6571419674406731
DJI_0493.JPG,DJI_0544.JPG,8,0.7436064884008997
DJI_0493.JPG,DJI_0482.JPG,9,0.8114188409773698
DJI_0493.JPG,DJI_0531.JPG,10,0.8268255263603254
DJI_0494.JPG,DJI_0492.JPG,1,0.26452381354980997
DJI_0494.JPG,DJI_0548.JPG,2,0.3445253603893581
DJI_0494.JPG,DJI_0549.JPG,3,0.6588373937987343
DJI_0494.JPG,DJI_0542.JPG,4,0.7038693903850272
DJI_0494.JPG,DJI_0541.JPG,5,0.711104330382909
DJI_0494.JPG,DJI_0502.JPG,6,0.7165236507350483
DJI_0494.JPG,DJI_0472.JPG,7,0.7551783971089574
DJI_0494.JPG,DJI_0471.JPG,8,0.7810758490336083
DJI_0494.JPG,DJI_0474.JPG,9,0.8240732963555959
DJI_0494.JPG,DJI_0531.JPG,10,0.833720891548887
DJI_0495.JPG,DJI_0535.JPG,1,0.3531119055124912
DJI_0495.JPG,DJI_0547.JPG,2,0.35930094934893547
DJI_0495.JPG,DJI_0534.JPG,3,0.37112919818166684
DJI_0495.JPG,DJI_0551.JPG,4,0.5416624864035224
DJI_0495.JPG,DJI_0468.JPG,5,0.564691629349871
DJI_0495.JPG,DJI_0537.JPG,6,0.5839367535087692
DJI_0495.JPG,DJI_0533.JPG,7,0.6997021668270736
DJI_0495.JPG,DJI_0489.JPG,8,0.7393950095179571
DJI_0495.JPG,DJI_0512.JPG,9,0.7507564687778574
DJI_0495.JPG,DJI_0461.JPG,10,0.7824964748572206
DJI_0496.JPG,DJI_0465.JPG,1,0.2579102823329245
DJI_0496.JPG,DJI_0486.JPG,2,0.3101291573560224
DJI_0496.JPG,DJI_0464.JPG,3,0.4442049238901653
DJI_0496.JPG,DJI_0487.JPG,4,0.46166492001829174
DJI_0496.JPG,DJI_0490.JPG,5,0.48330898142253187
DJI_0496.JPG,DJI_0483.JPG,6,0.5908629680502229
DJI_0496.JPG,DJI_0466.JPG,7,0.5967905162031086
DJI_0496.JPG,DJI_0550.JPG,8,0.7583337948995446
DJI_0496.JPG,DJI_0467.JPG,9,0.7858249252844589
DJI_0496.JPG,DJI_0504.JPG,10,1.0899024108388387
DJI_0497.JPG,DJI_0550.JPG,1,0.41929892516589434
DJI_0497.JPG,DJI_0467.JPG,2,0.6687720083100596
DJI_0497.JPG,DJI_0481.JPG,3,0.709818468739854
DJI_0497.JPG,DJI_0464.JPG,4,0.7266267511173431
DJI_0497.JPG,DJI_0466.JPG,5,0.773032506919627
DJI_0497.JPG,DJI_0480.JPG,6,0.7895199524440117
DJI_0497.JPG,DJI_0463.JPG,7,0.8207974679649134
DJI_0497.JPG,DJI_0486.JPG,8,0.8585042452154283
DJI_0497.JPG,DJI_0490.JPG,9,0.9340293656036213
DJI_0497.JPG,DJI_0504.JPG,10,0.9341070159730781
DJI_0498.JPG,DJI_0473.JPG,1,0.3334705015039317
DJI_0498.JPG,DJI_0503.JPG,2,0.3401212264456756
DJI_0498.JPG,DJI_0485.JPG,3,0.4312978813173734
DJI_0498.JPG,DJI_0470.JPG,4,0.45533294084156306
DJI_0498.JPG,DJI_0530.JPG,5,0.5764563808617397
DJI_0498.JPG,DJI_0484.JPG,6,0.6055112458400926
DJI_0498.JPG,DJI_0479.JPG,7,0.6656097659554323
DJI_0498.JPG,DJI_0529.JPG,8,0.6941644672592312
DJI_0498.JPG,DJI_0489.JPG,9,0.7194558361599734
DJI_0498.JPG,DJI_0482.JPG,10,0.7195959033295327
DJI_0499.JPG,DJI_0469.JPG,1,0.27093373814919713
DJI_0499.JPG,DJI_0471.JPG,2,0.3744654047887472
DJI_0499.JPG,DJI_0500.JPG,3,0.3766837086844642
DJI_0499.JPG,DJI_0474.JPG,4,0.42722137344745054
DJI_0499.JPG,DJI_0475.JPG,5,0.4429633987902753
DJI_0499.JPG,DJI_0508.JPG,6,0.4524927699870034
DJI_0499.JPG,DJI_0502.JPG,7,0.6492081120759494
DJI_0499.JPG,DJI_0509.JPG,8,0.6492323253574406
DJI_0499.JPG,DJI_0542.JPG,9,0.7148759461127576
DJI_0499.JPG,DJI_0506.JPG,10,0.7165855578258866
DJI_0500.JPG,DJI_0502.JPG,1,0.29377795909064713
DJI_0500.JPG,DJI_0471.JPG,2,0.3466109603082747
DJI_0500.JPG,DJI_0499.JPG,3,0.3766837086844642
DJI_0500.JPG,DJI_0475.JPG,4,0.42689805218598703
DJI_0500.JPG,DJI_0501.JPG,5,0.45202969997123993
DJI_0500.JPG,DJI_0505.JPG,6,0.4860887623901616
DJI_0500.JPG,DJI_0506.JPG,7,0.5022454055030343
DJI_0500.JPG,DJI_0474.JPG,8,0.5177641531488815
DJI_0500.JPG,DJI_0508.JPG,9,0.6029365499208766
DJI_0500.JPG,DJI_0469.JPG,10,0.6473107028240606
DJI_0501.JPG,DJI_0505.JPG,1,0.11026528803179085
DJI_0501.JPG,DJI_0506.JPG,2,0.24359806866541214
DJI_0501.JPG,DJI_0507.JPG,3,0.43300914210849045
DJI_0501.JPG,DJI_0500.JPG,4,0.45202969997123993
DJI_0501.JPG,DJI_0502.JPG,5,0.45572519360003994
DJI_0501.JPG,DJI_0475.JPG,6,0.5095257715249981
DJI_0501.JPG,DJI_0477.JPG,7,0.5663059655138021
DJI_0501.JPG,DJI_0472.JPG,8,0.597888025512908
DJI_0501.JPG,DJI_0476.JPG,9,0.7195321938004663
DJI_0501.JPG,DJI_0499.JPG,10,0.7724809103008661
DJI_0502.JPG,DJI_0500.JPG,1,0.29377795909064713
DJI_0502.JPG,DJI_0505.JPG,2,0.41868668184434615
DJI_0502.JPG,DJI_0471.JPG,3,0.44903557818780754
DJI_0502.JPG,DJI_0501.JPG,4,0.45572519360003994
DJI_0502.JPG,DJI_0472.JPG,5,0.45691192978798434
DJI_0502.JPG,DJI_0474.JPG,6,0.6236029237110872
DJI_0502.JPG,DJI_0506.JPG,7,0.6274614614092319
DJI_0502.JPG,DJI_0499.JPG,8,0.6492081120759494
DJI_0502.JPG,DJI_0475.JPG,9,0.6839558686238819
DJI_0502.JPG,DJI_0507.JPG,10,0.6873778190099524
DJI_0503.JPG,DJI_0470.JPG,1,0.12721749380203518
DJI_0503.JPG,DJI_0498.JPG,2,0.3401212264456756
DJI_0503.JPG,DJI_0484.JPG,3,0.3477861942111867
DJI_0503.JPG,DJI_0479.JPG,4,0.36285122364721967
DJI_0503.JPG,DJI_0485.JPG,5,0.3628629546592594
DJI_0503.JPG,DJI_0473.JPG,6,0.6671889609144219
DJI_0503.JPG,DJI_0482.JPG,7,0.7827838521360212
DJI_0503.JPG,DJI_0472.JPG,8,0.8651676339587621
DJI_0503.JPG,DJI_0507.JPG,9,0.8985303949523482
DJI_0503.JPG,DJI_0530.JPG,10,0.9161546912247274
DJI_0504.JPG,DJI_0529.JPG,1,0.26920275030728225
DJI_0504.JPG,DJI_0530.JPG,2,0.3201771490639955
DJI_0504.JPG,DJI_0480.JPG,3,0.33091579926973375
DJI_0504.JPG,DJI_0473.JPG,4,0.5654975331512067
DJI_0504.JPG,DJI_0490.JPG,5,0.6069485301185995
DJI_0504.JPG,DJI_0489.JPG,6,0.619914846969767
DJI_0504.JPG,DJI_0550.JPG,7,0.7359877506975351
DJI_0504.JPG,DJI_0534.JPG,8,0.8058188279866925
DJI_0504.JPG,DJI_0486.JPG,9,0.8769160066947459
DJI_0504.JPG,DJI_0498.JPG,10,0.8931921785397879
DJI_0505.JPG,DJI_0501.JPG,1,0.11026528803179085
DJI_0505.JPG,DJI_0507.JPG,2,0.35214272878797254
DJI_0505.JPG,DJI_0506.JPG,3,0.35303257014274886
DJI_0505.JPG,DJI_0502.JPG,4,0.41868668184434615
DJI_0505.JPG,DJI_0500.JPG,5,0.4860887623901616
DJI_0505.JPG,DJI_0472.JPG,6,0.49192943906177744
DJI_0505.JPG,DJI_0475.JPG,7,0.610371638409153
DJI_0505.JPG,DJI_0477.JPG,8,0.672513710399036
DJI_0505.JPG,DJI_0471.JPG,9,0.8005848601715172
DJI_0505.JPG,DJI_0476.JPG,10,0.8241149759066976
DJI_0506.JPG,DJI_0501.JPG,1,0.24359806866541214
DJI_0506.JPG,DJI_0477.JPG,2,0.32742074468911697
DJI_0506.JPG,DJI_0475.JPG,3,0.33902830231936326
DJI_0506.JPG,DJI_0505.JPG,4,0.35303257014274886
DJI_0506.JPG,DJI_0476.JPG,5,0.4830687450792464
DJI_0506.JPG,DJI_0500.JPG,6,0.5022454055030343
DJI_0506.JPG,DJI_0510.JPG,7,0.5943759934921568
DJI_0506.JPG,DJI_0507.JPG,8,0.6270203155316845
DJI_0506.JPG,DJI_0502.JPG,9,0.6274614614092319
DJI_0506.JPG,DJI_0499.JPG,10,0.7165855578258866
DJI_0507.JPG,DJI_0505.JPG,1,0.35214272878797254
DJI_0507.JPG,DJI_0501.JPG,2,0.43300914210849045
DJI_0507.JPG,DJI_0472.JPG,3,0.47663194599039505
DJI_0507.JPG,DJI_0506.JPG,4,0.6270203155316845
DJI_0507.JPG,DJI_0479.JPG,5,0.6763151450952747
DJI_0507.JPG,DJI_0502.JPG,6,0.6873778190099524
DJI_0507.JPG,DJI_0484.JPG,7,0.7362330961818997
DJI_0507.JPG,DJI_0470.JPG,8,0.7845113198578515
DJI_0507.JPG,DJI_0500.JPG,9,0.8291761148387089
DJI_0507.JPG,DJI_0477.JPG,10,0.8899821517318677
DJI_0508.JPG,DJI_0474.JPG,1,0.10211034177363777
DJI_0508.JPG,DJI_0471.JPG,2,0.2783805682231818
DJI_0508.JPG,DJI_0542.JPG,3,0.2810034649753465
DJI_0508.JPG,DJI_0499.JPG,4,0.4524927699870034
DJI_0508.JPG,DJI_0469.JPG,5,0.5007576033457146
DJI_0508.JPG,DJI_0500.JPG,6,0.6029365499208766
DJI_0508.JPG,DJI_0548.JPG,7,0.6829721907550291
DJI_0508.JPG,DJI_0502.JPG,8,0.7247337869904079
DJI_0508.JPG,DJI_0475.JPG,9,0.8742269007172956
DJI_0508.JPG,DJI_0494.JPG,10,0.894663318552707
DJI_0509.JPG,DJI_0475.JPG,1,0.47858553092486383
DJI_0509.JPG,DJI_0510.JPG,2,0.48020191301452464
DJI_0509.JPG,DJI_0476.JPG,3,0.5970229651218849
DJI_0509.JPG,DJI_0477.JPG,4,0.6041672663869091
DJI_0509.JPG,DJI_0469.JPG,5,0.6305039371249469
DJI_0509.JPG,DJI_0499.JPG,6,0.6492323253574406
DJI_0509.JPG,DJI_0506.JPG,7,0.765333925622561
DJI_0509.JPG,DJI_0500.JPG,8,0.8531212658946251
DJI_0509.JPG,DJI_0501.JPG,9,0.9763861751282802
DJI_0509.JPG,DJI_0471.JPG,10,1.0151381440868263
DJI_0510.JPG,DJI_0476.JPG,1,0.1606109803470206
DJI_0510.JPG,DJI_0477.JPG,2,0.2783928541041246
DJI_0510.JPG,DJI_0509.JPG,3,0.48020191301452464
DJI_0510.JPG,DJI_0475.JPG,4,0.5371195032283339
DJI_0510.JPG,DJI_0506.JPG,5,0.5943759934921568
DJI_0510.JPG,DJI_0501.JPG,6,0.8374115675733115
DJI_0510.JPG,DJI_0499.JPG,7,0.9365781363468035
DJI_0510.JPG,DJI_0505.JPG,8,0.9456295256626841
DJI_0510.JPG,DJI_0500.JPG,9,0.9537566862321419
DJI_0510.JPG,DJI_0469.JPG,10,1.0297539463751564
DJI_0511.JPG,DJI_0517.JPG,1,0.28209876155631525
DJI_0511.JPG,DJI_0541.JPG,2,0.4652721477700942
DJI_0511.JPG,DJI_0491.JPG,3,0.5448275100066625
DJI_0511.JPG,DJI_0488.JPG,4,0.7450370844553521
DJI_0511.JPG,DJI_0518.JPG,5,0.7793566689561264
DJI_0511.JPG,DJI_0548.JPG,6,0.8086856329120768
DJI_0511.JPG,DJI_0542.JPG,7,0.8971791276186588
DJI_0511.JPG,DJI_0492.JPG,8,1.051153327940929
DJI_0511.JPG,DJI_0494.JPG,9,1.102341941736098
DJI_0511.JPG,DJI_0508.JPG,10,1.1472543560926116
DJI_0512.JPG,DJI_0521.JPG,1,0.2709229729014127
DJI_0512.JPG,DJI_0461.JPG,2,0.29043638882379735
DJI_0512.JPG,DJI_0460.JPG,3,0.3985069119391835
DJI_0512.JPG,DJI_0551.JPG,4,0.49012614028446205
DJI_0512.JPG,DJI_0547.JPG,5,0.5022053086472987
DJI_0512.JPG,DJI_0478.JPG,6,0.5379415542428612
DJI_0512.JPG,DJI_0535.JPG,7,0.5414995689798937
DJI_0512.JPG,DJI_0533.JPG,8,0.5478348794800637
DJI_0512.JPG,DJI_0462.JPG,9,0.7083705863741323
DJI_0512.JPG,DJI_0463.JPG,10,0.7451324769354162
DJI_0514.JPG,DJI_0515.JPG,1,0.25376016851819944
DJI_0514.JPG,DJI_0546.JPG,2,0.29378996637864324
DJI_0514.JPG,DJI_0527.JPG,3,0.3512962026999582
DJI_0514.JPG,DJI_0516.JPG,4,0.41687185649218594
DJI_0514.JPG,DJI_0525.JPG,5,0.45696798337821765
DJI_0514.JPG,DJI_0543.JPG,6,0.553097691635384
DJI_0514.JPG,DJI_0532.JPG,7,0.6624491502169013
DJI_0514.JPG,DJI_0523.JPG,8,0.7371488717531229
DJI_0514.JPG,DJI_0538.JPG,9,0.806525972305771
DJI_0514.JPG,DJI_0520.JPG,10,0.8314671938467681
DJI_0515.JPG,DJI_0514.JPG,1,0.25376016851819944
DJI_0515.JPG,DJI_0546.JPG,2,0.29328302925174254
DJI_0515.JPG,DJI_0516.JPG,3,0.42465710056523537
DJI_0515.JPG,DJI_0527.JPG,4,0.5509840388215184
DJI_0515.JPG,DJI_0525.JPG,5,0.6660062438092466
DJI_0515.JPG,DJI_0543.JPG,6,0.6990749350859121
DJI_0515.JPG,DJI_0523.JPG,7,0.7205442036358417
DJI_0515.JPG,DJI_0520.JPG,8,0.7872539096222365
DJI_0515.JPG,DJI_0532.JPG,9,0.8847002431985658
DJI_0515.JPG,DJI_0522.JPG,10,0.9985363637980498
DJI_0516.JPG,DJI_0514.JPG,1,0.41687185649218594
DJI_0516.JPG,DJI_0515.JPG,2,0.42465710056523537
DJI_0516.JPG,DJI_0525.JPG,3,0.458719528831476
DJI_0516.JPG,DJI_0532.JPG,4,0.6654162660766243
DJI_0516.JPG,DJI_0546.JPG,5,0.6658240738175484
DJI_0516.JPG,DJI_0527.JPG,6,0.750623578039343
DJI_0516.JPG,DJI_0543.JPG,7,0.9669862468737644
DJI_0516.JPG,DJI_0538.JPG,8,1.085687893174726
DJI_0516.JPG,DJI_0523.JPG,9,1.1188116315555467
DJI_0516.JPG,DJI_0533.JPG,10,1.1448957615509736
DJI_0517.JPG,DJI_0511.JPG,1,0.28209876155631525
DJI_0517.JPG,DJI_0491.JPG,2,0.34992682688753013
DJI_0517.JPG,DJI_0541.JPG,3,0.42481142081832135
DJI_0517.JPG,DJI_0488.JPG,4,0.4660910678507733
DJI_0517.JPG,DJI_0518.JPG,5,0.498978295806117
DJI_0517.JPG,DJI_0548.JPG,6,0.9028889104488649
DJI_0517.JPG,DJI_0526.JPG,7,0.9051104434981877
DJI_0517.JPG,DJI_0492.JPG,8,1.017905770055066
DJI_0517.JPG,DJI_0545.JPG,9,1.0285634473512237
DJI_0517.JPG,DJI_0542.JPG,10,1.0966316462020802
DJI_0518.JPG,DJI_0488.JPG,1,0.1607363893724069
DJI_0518.JPG,DJI_0526.JPG,2,0.4307410955203045
DJI_0518.JPG,DJI_0491.JPG,3,0.4975237729417805
DJI_0518.JPG,DJI_0517.JPG,4,0.498978295806117
DJI_0518.JPG,DJI_0541.JPG,5,0.750468884344236
DJI_0518.JPG,DJI_0511.JPG,6,0.7793566689561264
DJI_0518.JPG,DJI_0545.JPG,7,0.7968295210111032
DJI_0518.JPG,DJI_0519.JPG,8,0.843783940121722
DJI_0518.JPG,DJI_0522.JPG,9,0.8786712611603693
DJI_0518.JPG,DJI_0528.JPG,10,0.9334078220992639
DJI_0519.JPG,DJI_0522.JPG,1,0.10360274245804278
DJI_0519.JPG,DJI_0523.JPG,2,0.3802143354896546
DJI_0519.JPG,DJI_0520.JPG,3,0.4029759821540835
DJI_0519.JPG,DJI_0526.JPG,4,0.44446454336424396
DJI_0519.JPG,DJI_0528.JPG,5,0.5174645332084888
DJI_0519.JPG,DJI_0543.JPG,6,0.5324344722495482
DJI_0519.JPG,DJI_0527.JPG,7,0.7577221966769084
DJI_0519.JPG,DJI_0546.JPG,8,0.7688701453078244
DJI_0519.JPG,DJI_0518.JPG,9,0.843783940121722
DJI_0519.JPG,DJI_0524.JPG,10,0.8624375965053921
DJI_0520.JPG,DJI_0523.JPG,1,0.11723113930781283
DJI_0520.JPG,DJI_0519.JPG,2,0.4029759821540835
DJI_0520.JPG,DJI_0522.JPG,3,0.41841864877996027
DJI_0520.JPG,DJI_0546.JPG,4,0.5409742591388439
DJI_0520.JPG,DJI_0543.JPG,5,0.5768572239254475
DJI_0520.JPG,DJI_0527.JPG,6,0.7186263500866723
DJI_0520.JPG,DJI_0528.JPG,7,0.7781898602752814
DJI_0520.JPG,DJI_0515.JPG,8,0.7872539096222365
DJI_0520.JPG,DJI_0514.JPG,9,0.8314671938467681
DJI_0520.JPG,DJI_0526.JPG,10,0.8472257377251832
DJI_0521.JPG,DJI_0512.JPG,1,0.2709229729014127
DJI_0521.JPG,DJI_0533.JPG,2,0.3438813699224539
DJI_0521.JPG,DJI_0535.JPG,3,0.5059905928587647
DJI_0521.JPG,DJI_0461.JPG,4,0.5613352990993686
DJI_0521.JPG,DJI_0460.JPG,5,0.6254108196551303
DJI_0521.JPG,DJI_0547.JPG,6,0.6734040094109102
DJI_0521.JPG,DJI_0551.JPG,7,0.7184779850467985
DJI_0521.JPG,DJI_0478.JPG,8,0.8012387852940593
DJI_0521.JPG,DJI_0495.JPG,9,0.8141295917116453
DJI_0521.JPG,DJI_0462.JPG,10,0.935509549142985
DJI_0522.JPG,DJI_0519.JPG,1,0.10360274245804278
DJI_0522.JPG,DJI_0523.JPG,2,0.3662911956061402
DJI_0522.JPG,DJI_0520.JPG,3,0.41841864877996027
DJI_0522.JPG,DJI_0528.JPG,4,0.4245003730419515
DJI_0522.JPG,DJI_0543.JPG,5,0.4341737701204307
DJI_0522.JPG,DJI_0526.JPG,6,0.45856527061906777
DJI_0522.JPG,DJI_0527.JPG,7,0.6631645078420962
DJI_0522.JPG,DJI_0546.JPG,8,0.7058346198973025
DJI_0522.JPG,DJI_0524.JPG,9,0.7672202862490636
DJI_0522.JPG,DJI_0545.JPG,10,0.8409447015255862
DJI_0523.JPG,DJI_0520.JPG,1,0.11723113930781283
DJI_0523.JPG,DJI_0522.JPG,2,0.3662911956061402
DJI_0523.JPG,DJI_0519.JPG,3,0.3802143354896546
DJI_0523.JPG,DJI_0546.JPG,4,0.4539326237979648
DJI_0523.JPG,DJI_0543.JPG,5,0.46090422801990016
DJI_0523.JPG,DJI_0527.JPG,6,0.6031588422728075
DJI_0523.JPG,DJI_0528.JPG,7,0.6833418913837539
DJI_0523.JPG,DJI_0515.JPG,8,0.7205442036358417
DJI_0523.JPG,DJI_0514.JPG,9,0.7371488717531229
DJI_0523.JPG,DJI_0526.JPG,10,0.8182950078225195
DJI_0524.JPG,DJI_0540.JPG,1,0.28404496612212093
DJI_0524.JPG,DJI_0538.JPG,2,0.30929666155953844
DJI_0524.JPG,DJI_0528.JPG,3,0.34555562614401686
DJI_0524.JPG,DJI_0545.JPG,4,0.46277038739944243
DJI_0524.JPG,DJI_0536.JPG,5,0.5318063513041346
DJI_0524.JPG,DJI_0539.JPG,6,0.5448366764949326
DJI_0524.JPG,DJI_0543.JPG,7,0.5549061558939594
DJI_0524.JPG,DJI_0527.JPG,8,0.6182463425236028
DJI_0524.JPG,DJI_0493.JPG,9,0.6571419674406731
DJI_0524.JPG,DJI_0531.JPG,10,0.6762006702904245
DJI_0525.JPG,DJI_0532.JPG,1,0.22272497372563096
DJI_0525.JPG,DJI_0514.JPG,2,0.45696798337821765
DJI_0525.JPG,DJI_0516.JPG,3,0.458719528831476
DJI_0525.JPG,DJI_0527.JPG,4,0.5871656774210782
DJI_0525.JPG,DJI_0515.JPG,5,0.6660062438092466
DJI_0525.JPG,DJI_0538.JPG,6,0.6900100558591299
DJI_0525.JPG,DJI_0546.JPG,7,0.7381480590394127
DJI_0525.JPG,DJI_0539.JPG,8,0.7605215949465659
DJI_0525.JPG,DJI_0468.JPG,9,0.7896000398948959
DJI_0525.JPG,DJI_0543.JPG,10,0.8180185372172363
DJI_0526.JPG,DJI_0518.JPG,1,0.4307410955203045
DJI_0526.JPG,DJI_0519.JPG,2,0.44446454336424396
DJI_0526.JPG,DJI_0488.JPG,3,0.4451877021701454
DJI_0526.JPG,DJI_0522.JPG,4,0.45856527061906777
DJI_0526.JPG,DJI_0528.JPG,5,0.5392979823666867
DJI_0526.JPG,DJI_0545.JPG,6,0.6222463973418704
DJI_0526.JPG,DJI_0491.JPG,7,0.7722116280460858
DJI_0526.JPG,DJI_0543.JPG,8,0.7913547830087136
DJI_0526.JPG,DJI_0523.JPG,9,0.8182950078225195
DJI_0526.JPG,DJI_0524.JPG,10,0.8197444920480641
DJI_0527.JPG,DJI_0543.JPG,1,0.23440734270018332
DJI_0527.JPG,DJI_0514.JPG,2,0.3512962026999582
DJI_0527.JPG,DJI_0546.JPG,3,0.35560401634008015
DJI_0527.JPG,DJI_0528.JPG,4,0.5451341515238827
DJI_0527.JPG,DJI_0538.JPG,5,0.5492641687962483
DJI_0527.JPG,DJI_0515.JPG,6,0.5509840388215184
DJI_0527.JPG,DJI_0525.JPG,7,0.5871656774210782
DJI_0527.JPG,DJI_0523.JPG,8,0.6031588422728075
DJI_0527.JPG,DJI_0524.JPG,9,0.6182463425236028
DJI_0527.JPG,DJI_0522.JPG,10,0.6631645078420962
DJI_0528.JPG,DJI_0524.JPG,1,0.34555562614401686
DJI_0528.JPG,DJI_0543.JPG,2,0.3607127037803945
DJI_0528.JPG,DJI_0522.JPG,3,0.4245003730419515
DJI_0528.JPG,DJI_0545.JPG,4,0.5104785669712922
DJI_0528.JPG,DJI_0519.JPG,5,0.5174645332084888
DJI_0528.JPG,DJI_0526.JPG,6,0.5392979823666867
DJI_0528.JPG,DJI_0527.JPG,7,0.5451341515238827
DJI_0528.JPG,DJI_0538.JPG,8,0.5783875658719275
DJI_0528.JPG,DJI_0540.JPG,9,0.6226112819570875
DJI_0528.JPG,DJI_0523.JPG,10,0.6833418913837539
DJI_0529.JPG,DJI_0530.JPG,1,0.15743386181090083
DJI_0529.JPG,DJI_0504.JPG,2,0.26920275030728225
DJI_0529.JPG,DJI_0489.JPG,3,0.37091088973344527
DJI_0529.JPG,DJI_0473.JPG,4,0.40358461080917424
DJI_0529.JPG,DJI_0480.JPG,5,0.48242748328077356
DJI_0529.JPG,DJI_0534.JPG,6,0.6359654007765306
DJI_0529.JPG,DJI_0498.JPG,7,0.6941644672592312
DJI_0529.JPG,DJI_0537.JPG,8,0.7592441529788699
DJI_0529.JPG,DJI_0490.JPG,9,0.800942095950083
DJI_0529.JPG,DJI_0482.JPG,10,0.9693318452351236
DJI_0530.JPG,DJI_0529.JPG,1,0.15743386181090083
DJI_0530.JPG,DJI_0473.JPG,2,0.260267616859983
DJI_0530.JPG,DJI_0504.JPG,3,0.3201771490639955
DJI_0530.JPG,DJI_0489.JPG,4,0.46150007815160693
DJI_0530.JPG,DJI_0498.JPG,5,0.5764563808617397
DJI_0530.JPG,DJI_0480.JPG,6,0.6035768597947087
DJI_0530.JPG,DJI_0490.JPG,7,0.7268290578212326
DJI_0530.JPG,DJI_0534.JPG,8,0.7717858621161098
DJI_0530.JPG,DJI_0537.JPG,9,0.8501261689279671
DJI_0530.JPG,DJI_0485.JPG,10,0.8834374842756957
DJI_0531.JPG,DJI_0536.JPG,1,0.28843992138344066
DJI_0531.JPG,DJI_0545.JPG,2,0.38743888313703284
DJI_0531.JPG,DJI_0549.JPG,3,0.4352219293970177
DJI_0531.JPG,DJI_0492.JPG,4,0.576916709139214
DJI_0531.JPG,DJI_0524.JPG,5,0.6762006702904245
DJI_0531.JPG,DJI_0540.JPG,6,0.718504707234312
DJI_0531.JPG,DJI_0544.JPG,7,0.7393205727730741
DJI_0531.JPG,DJI_0491.JPG,8,0.7937437518025624
DJI_0531.JPG,DJI_0493.JPG,9,0.8268255263603254
DJI_0531.JPG,DJI_0494.JPG,10,0.833720891548887
DJI_0532.JPG,DJI_0525.JPG,1,0.22272497372563096
DJI_0532.JPG,DJI_0468.JPG,2,0.5746782311199777
DJI_0532.JPG,DJI_0539.JPG,3,0.6137728924486126
DJI_0532.JPG,DJI_0538.JPG,4,0.631246551782871
DJI_0532.JPG,DJI_0514.JPG,5,0.6624491502169013
DJI_0532.JPG,DJI_0516.JPG,6,0.6654162660766243
DJI_0532.JPG,DJI_0533.JPG,7,0.7111812022940427
DJI_0532.JPG,DJI_0527.JPG,8,0.7125895196461275
DJI_0532.JPG,DJI_0540.JPG,9,0.7844163715780136
DJI_0532.JPG,DJI_0535.JPG,10,0.8255431906401683
DJI_0533.JPG,DJI_0521.JPG,1,0.3438813699224539
DJI_0533.JPG,DJI_0535.JPG,2,0.3472063152804957
DJI_0533.JPG,DJI_0512.JPG,3,0.5478348794800637
DJI_0533.JPG,DJI_0495.JPG,4,0.6997021668270736
DJI_0533.JPG,DJI_0532.JPG,5,0.7111812022940427
DJI_0533.JPG,DJI_0468.JPG,6,0.7227011619324568
DJI_0533.JPG,DJI_0547.JPG,7,0.7257884288406355
DJI_0533.JPG,DJI_0461.JPG,8,0.8093663213779725
DJI_0533.JPG,DJI_0551.JPG,9,0.8458153926020264
DJI_0533.JPG,DJI_0525.JPG,10,0.8723418992393295
DJI_0534.JPG,DJI_0537.JPG,1,0.33240460968039737
DJI_0534.JPG,DJI_0489.JPG,2,0.36826864577547785
DJI_0534.JPG,DJI_0495.JPG,3,0.37112919818166684
DJI_0534.JPG,DJI_0547.JPG,4,0.5838834253425655
DJI_0534.JPG,DJI_0529.JPG,5,0.6359654007765306
DJI_0534.JPG,DJI_0551.JPG,6,0.7112359727734586
DJI_0534.JPG,DJI_0480.JPG,7,0.7220966510785848
DJI_0534.JPG,DJI_0535.JPG,8,0.7239566799492974
DJI_0534.JPG,DJI_0468.JPG,9,0.7547029295068668
DJI_0534.JPG,DJI_0530.JPG,10,0.7717858621161098
DJI_0535.JPG,DJI_0533.JPG,1,0.3472063152804957
DJI_0535.JPG,DJI_0495.JPG,2,0.3531119055124912
DJI_0535.JPG,DJI_0547.JPG,3,0.44392275138040943
DJI_0535.JPG,DJI_0521.JPG,4,0.5059905928587647
DJI_0535.JPG,DJI_0512.JPG,5,0.5414995689798937
DJI_0535.JPG,DJI_0468.JPG,6,0.5610101640737416
DJI_0535.JPG,DJI_0551.JPG,7,0.606768712558088
DJI_0535.JPG,DJI_0461.JPG,8,0.7005118574940485
DJI_0535.JPG,DJI_0534.JPG,9,0.7239566799492974
DJI_0535.JPG,DJI_0532.JPG,10,0.8255431906401683
DJI_0536.JPG,DJI_0531.JPG,1,0.28843992138344066
DJI_0536.JPG,DJI_0540.JPG,2,0.47442995361795187
DJI_0536.JPG,DJI_0545.JPG,3,0.48318010856770643
DJI_0536.JPG,DJI_0549.JPG,4,0.5102241239144075
DJI_0536.JPG,DJI_0524.JPG,5,0.5318063513041346
DJI_0536.JPG,DJI_0493.JPG,6,0.5386499394416383
DJI_0536.JPG,DJI_0544.JPG,7,0.6371243518594718
DJI_0536.JPG,DJI_0539.JPG,8,0.6544881043622693
DJI_0536.JPG,DJI_0538.JPG,9,0.6667312801497348
DJI_0536.JPG,DJI_0528.JPG,10,0.8121388438388978
DJI_0537.JPG,DJI_0534.JPG,1,0.33240460968039737
DJI_0537.JPG,DJI_0489.JPG,2,0.3909247272640467
DJI_0537.JPG,DJI_0482.JPG,3,0.5654149947810566
DJI_0537.JPG,DJI_0495.JPG,4,0.5839367535087692
DJI_0537.JPG,DJI_0493.JPG,5,0.6397472101201094
DJI_0537.JPG,DJI_0468.JPG,6,0.6898209846675766
DJI_0537.JPG,DJI_0544.JPG,7,0.6982666143261588
DJI_0537.JPG,DJI_0529.JPG,8,0.7592441529788699
DJI_0537.JPG,DJI_0539.JPG,9,0.8479633353055783
DJI_0537.JPG,DJI_0530.JPG,10,0.8501261689279671
DJI_0538.JPG,DJI_0540.JPG,1,0.19876276870881346
DJI_0538.JPG,DJI_0539.JPG,2,0.302429435528839
DJI_0538.JPG,DJI_0524.JPG,3,0.30929666155953844
DJI_0538.JPG,DJI_0493.JPG,4,0.5105946655377415
DJI_0538.JPG,DJI_0527.JPG,5,0.5492641687962483
DJI_0538.JPG,DJI_0528.JPG,6,0.5783875658719275
DJI_0538.JPG,DJI_0543.JPG,7,0.6102182479167465
DJI_0538.JPG,DJI_0532.JPG,8,0.631246551782871
DJI_0538.JPG,DJI_0468.JPG,9,0.6618704968154758
DJI_0538.JPG,DJI_0536.JPG,10,0.6667312801497348
DJI_0539.JPG,DJI_0493.JPG,1,0.2568892954564959
DJI_0539.JPG,DJI_0540.JPG,2,0.27372548431175603
DJI_0539.JPG,DJI_0538.JPG,3,0.302429435528839
DJI_0539.JPG,DJI_0468.JPG,4,0.39172275257563643
DJI_0539.JPG,DJI_0524.JPG,5,0.5448366764949326
DJI_0539.JPG,DJI_0532.JPG,6,0.6137728924486126
DJI_0539.JPG,DJI_0536.JPG,7,0.6544881043622693
DJI_0539.JPG,DJI_0525.JPG,8,0.7605215949465659
DJI_0539.JPG,DJI_0527.JPG,9,0.8189351770553471
DJI_0539.JPG,DJI_0537.JPG,10,0.8479633353055783
DJI_0540.JPG,DJI_0538.JPG,1,0.19876276870881346
DJI_0540.JPG,DJI_0539.JPG,2,0.27372548431175603
DJI_0540.JPG,DJI_0524.JPG,3,0.28404496612212093
DJI_0540.JPG,DJI_0493.JPG,4,0.3808167882931053
DJI_0540.JPG,DJI_0536.JPG,5,0.47442995361795187
DJI_0540.JPG,DJI_0528.JPG,6,0.6226112819570875
DJI_0540.JPG,DJI_0545.JPG,7,0.6540072024853314
DJI_0540.JPG,DJI_0468.JPG,8,0.6649326772008601
DJI_0540.JPG,DJI_0531.JPG,9,0.718504707234312
DJI_0540.JPG,DJI_0527.JPG,10,0.7296775757840059
DJI_0541.JPG,DJI_0491.JPG,1,0.26912469815326967
DJI_0541.JPG,DJI_0517.JPG,2,0.42481142081832135
DJI_0541.JPG,DJI_0511.JPG,3,0.4652721477700942
DJI_0541.JPG,DJI_0548.JPG,4,0.5148124373344015
DJI_0541.JPG,DJI_0492.JPG,5,0.6027977761094644
DJI_0541.JPG,DJI_0488.JPG,6,0.6285260546031267
DJI_0541.JPG,DJI_0494.JPG,7,0.711104330382909
DJI_0541.JPG,DJI_0518.JPG,8,0.750468884344236
DJI_0541.JPG,DJI_0542.JPG,9,0.8181404028774393
DJI_0541.JPG,DJI_0531.JPG,10,0.8603601793625498
DJI_0542.JPG,DJI_0508.JPG,1,0.2810034649753465
DJI_0542.JPG,DJI_0474.JPG,2,0.2888953676960262
DJI_0542.JPG,DJI_0471.JPG,3,0.42117541868122044
DJI_0542.JPG,DJI_0548.JPG,4,0.4303078914822941
DJI_0542.JPG,DJI_0494.JPG,5,0.7038693903850272
DJI_0542.JPG,DJI_0499.JPG,6,0.7148759461127576
DJI_0542.JPG,DJI_0500.JPG,7,0.7644920152766301
DJI_0542.JPG,DJI_0469.JPG,8,0.7808075729676613
DJI_0542.JPG,DJI_0502.JPG,9,0.7838314017921398
DJI_0542.JPG,DJI_0541.JPG,10,0.8181404028774393
DJI_0543.JPG,DJI_0527.JPG,1,0.23440734270018332
DJI_0543.JPG,DJI_0528.JPG,2,0.3607127037803945
DJI_0543.JPG,DJI_0546.JPG,3,0.4315220484889119
DJI_0543.JPG,DJI_0522.JPG,4,0.4341737701204307
DJI_0543.JPG,DJI_0523.JPG,5,0.46090422801990016
DJI_0543.JPG,DJI_0519.JPG,6,0.5324344722495482
DJI_0543.JPG,DJI_0514.JPG,7,0.553097691635384
DJI_0543.JPG,DJI_0524.JPG,8,0.5549061558939594
DJI_0543.JPG,DJI_0520.JPG,9,0.5768572239254475
DJI_0543.JPG,DJI_0538.JPG,10,0.6102182479167465
DJI_0544.JPG,DJI_0482.JPG,1,0.22873124615118595
DJI_0544.JPG,DJI_0549.JPG,2,0.41518554418873255
DJI_0544.JPG,DJI_0536.JPG,3,0.6371243518594718
DJI_0544.JPG,DJI_0537.JPG,4,0.6982666143261588
DJI_0544.JPG,DJI_0531.JPG,5,0.7393205727730741
DJI_0544.JPG,DJI_0493.JPG,6,0.7436064884008997
DJI_0544.JPG,DJI_0479.JPG,7,0.8247016889663954
DJI_0544.JPG,DJI_0489.JPG,8,0.8858937246154738
DJI_0544.JPG,DJI_0492.JPG,9,0.9032925718760366
DJI_0544.JPG,DJI_0498.JPG,10,0.9188102400137043
DJI_0545.JPG,DJI_0531.JPG,1,0.38743888313703284
DJI_0545.JPG,DJI_0524.JPG,2,0.46277038739944243
DJI_0545.JPG,DJI_0536.JPG,3,0.48318010856770643
DJI_0545.JPG,DJI_0528.JPG,4,0.5104785669712922
DJI_0545.JPG,DJI_0526.JPG,5,0.6222463973418704
DJI_0545.JPG,DJI_0540.JPG,6,0.6540072024853314
DJI_0545.JPG,DJI_0488.JPG,7,0.6690292890402192
DJI_0545.JPG,DJI_0491.JPG,8,0.7102444291312074
DJI_0545.JPG,DJI_0538.JPG,9,0.7599039561367531
DJI_0545.JPG,DJI_0518.JPG,10,0.7968295210111032
DJI_0546.JPG,DJI_0515.JPG,1,0.29328302925174254
DJI_0546.JPG,DJI_0514.JPG,2,0.29378996637864324
DJI_0546.JPG,DJI_0527.JPG,3,0.35560401634008015
DJI_0546.JPG,DJI_0543.JPG,4,0.4315220484889119
DJI_0546.JPG,DJI_0523.JPG,5,0.4539326237979648
DJI_0546.JPG,DJI_0520.JPG,6,0.5409742591388439
DJI_0546.JPG,DJI_0516.JPG,7,0.6658240738175484
DJI_0546.JPG,DJI_0522.JPG,8,0.7058346198973025
DJI_0546.JPG,DJI_0525.JPG,9,0.7381480590394127
DJI_0546.JPG,DJI_0519.JPG,10,0.7688701453078244
DJI_0547.JPG,DJI_0551.JPG,1,0.18706852061727708
DJI_0547.JPG,DJI_0495.JPG,2,0.35930094934893547
DJI_0547.JPG,DJI_0461.JPG,3,0.4412967685448396
DJI_0547.JPG,DJI_0535.JPG,4,0.44392275138040943
DJI_0547.JPG,DJI_0512.JPG,5,0.5022053086472987
DJI_0547.JPG,DJI_0534.JPG,6,0.5838834253425655
DJI_0547.JPG,DJI_0463.JPG,7,0.5881668977561825
DJI_0547.JPG,DJI_0478.JPG,8,0.6598276178145324
DJI_0547.JPG,DJI_0521.JPG,9,0.6734040094109102
DJI_0547.JPG,DJI_0460.JPG,10,0.7153790223810144
DJI_0548.JPG,DJI_0494.JPG,1,0.3445253603893581
DJI_0548.JPG,DJI_0542.JPG,2,0.4303078914822941
DJI_0548.JPG,DJI_0492.JPG,3,0.46427557614387954
DJI_0548.JPG,DJI_0541.JPG,4,0.5148124373344015
DJI_0548.JPG,DJI_0474.JPG,5,0.6445708282256549
DJI_0548.JPG,DJI_0471.JPG,6,0.679434119546903
DJI_0548.JPG,DJI_0508.JPG,7,0.6829721907550291
DJI_0548.JPG,DJI_0491.JPG,8,0.7698632277922411
DJI_0548.JPG,DJI_0511.JPG,9,0.8086856329120768
DJI_0548.JPG,DJI_0502.JPG,10,0.820592576022104
DJI_0549.JPG,DJI_0544.JPG,1,0.41518554418873255
DJI_0549.JPG,DJI_0531.JPG,2,0.4352219293970177
DJI_0549.JPG,DJI_0492.JPG,3,0.49783183804497905
DJI_0549.JPG,DJI_0536.JPG,4,0.5102241239144075
DJI_0549.JPG,DJI_0482.JPG,5,0.6373247435631947
DJI_0549.JPG,DJI_0494.JPG,6,0.6588373937987343
DJI_0549.JPG,DJI_0545.JPG,7,0.8224221540378165
DJI_0549.JPG,DJI_0493.JPG,8,0.9016791954045186
DJI_0549.JPG,DJI_0479.JPG,9,0.9403720649496458
DJI_0549.JPG,DJI_0548.JPG,10,0.9520581819189571
DJI_0550.JPG,DJI_0464.JPG,1,0.3460392555904483
DJI_0550.JPG,DJI_0497.JPG,2,0.41929892516589434
DJI_0550.JPG,DJI_0486.JPG,3,0.4485256163378005
DJI_0550.JPG,DJI_0466.JPG,4,0.5208632172430467
DJI_0550.JPG,DJI_0467.JPG,5,0.5285013262678859
DJI_0550.JPG,DJI_0490.JPG,6,0.5305088695687836
DJI_0550.JPG,DJI_0465.JPG,7,0.6426509408088439
DJI_0550.JPG,DJI_0504.JPG,8,0.7359877506975351
DJI_0550.JPG,DJI_0480.JPG,9,0.7543085640186452
DJI_0550.JPG,DJI_0496.JPG,10,0.7583337948995446
DJI_0551.JPG,DJI_0547.JPG,1,0.18706852061727708
DJI_0551.JPG,DJI_0461.JPG,2,0.3225277652996019
DJI_0551.JPG,DJI_0463.JPG,3,0.40550575230678343
DJI_0551.JPG,DJI_0512.JPG,4,0.49012614028446205
DJI_0551.JPG,DJI_0478.JPG,5,0.4921493078649175
DJI_0551.JPG,DJI_0495.JPG,6,0.5416624864035224
DJI_0551.JPG,DJI_0460.JPG,7,0.5921863141567922
DJI_0551.JPG,DJI_0535.JPG,8,0.606768712558088
DJI_0551.JPG,DJI_0534.JPG,9,0.7112359727734586
DJI_0551.JPG,DJI_0480.JPG,10,0.7178809818118237
DJI_0552.JPG,DJI_0554.JPG,1,0.11178487900865451
DJI_0552.JPG,DJI_0553.JPG,2,0.18455233206800595
DJI_0552.JPG,DJI_0555.JPG,3,0.19574623252684673
DJI_0552.JPG,DJI_0557.JPG,4,0.21149533122740016
DJI_0552.JPG,DJI_0556.JPG,5,0.38492592005919923
DJI_0552.JPG,DJI_0510.JPG,6,1.0843249523037548
DJI_0552.JPG,DJI_0509.JPG,7,1.1058630242813123
DJI_0552.JPG,DJI_0476.JPG,8,1.2256882966827707
DJI_0552.JPG,DJI_0477.JPG,9,1.3625622106838726
DJI_0552.JPG,DJI_0475.JPG,10,1.5156185838107281
DJI_0553.JPG,DJI_0555.JPG,1,0.02839190054588285
DJI_0553.JPG,DJI_0554.JPG,2,0.07891031814519073
DJI_0553.JPG,DJI_0552.JPG,3,0.18455233206800595
DJI_0553.JPG,DJI_0557.JPG,4,0.1961443731682623
DJI_0553.JPG,DJI_0556.JPG,5,0.20717934811405178
DJI_0553.JPG,DJI_0510.JPG,6,1.2455079454129314
DJI_0553.JPG,DJI_0509.JPG,7,1.289509334746274
DJI_0553.JPG,DJI_0476.JPG,8,1.3805497662008641
DJI_0553.JPG,DJI_0477.JPG,9,1.5224011133905089
DJI_0553.JPG,DJI_0475.JPG,10,1.6928867343179181
DJI_0554.JPG,DJI_0553.JPG,1,0.07891031814519073
DJI_0554.JPG,DJI_0555.JPG,2,0.08470117663503302
DJI_0554.JPG,DJI_0552.JPG,3,0.11178487900865451
DJI_0554.JPG,DJI_0557.JPG,4,0.1574835292793673
DJI_0554.JPG,DJI_0556.JPG,5,0.2859497882083754
DJI_0554.JPG,DJI_0510.JPG,6,1.167774111015939
DJI_0554.JPG,DJI_0509.JPG,7,1.212483513100647
DJI_0554.JPG,DJI_0476.JPG,8,1.3039121046255242
DJI_0554.JPG,DJI_0477.JPG,9,1.444961348041959
DJI_0554.JPG,DJI_0475.JPG,10,1.6140352283710329
DJI_0555.JPG,DJI_0553.JPG,1,0.02839190054588285
DJI_0555.JPG,DJI_0554.JPG,2,0.08470117663503302
DJI_0555.JPG,DJI_0557.JPG,3,0.17600253774164293
DJI_0555.JPG,DJI_0552.JPG,4,0.19574623252684673
DJI_0555.JPG,DJI_0556.JPG,5,0.21019347125388935
DJI_0555.JPG,DJI_0510.JPG,6,1.2419825994398674
DJI_0555.JPG,DJI_0509.JPG,7,1.2966552998255028
DJI_0555.JPG,DJI_0476.JPG,8,1.375131390223512
DJI_0555.JPG,DJI_0477.JPG,9,1.518227536398875
DJI_0555.JPG,DJI_0475.JPG,10,1.6950879947862068
DJI_0556.JPG,DJI_0553.JPG,1,0.20717934811405178
DJI_0556.JPG,DJI_0555.JPG,2,0.21019347125388935
DJI_0556.JPG,DJI_0554.JPG,3,0.2859497882083754
DJI_0556.JPG,DJI_0557.JPG,4,0.37130078201404304
DJI_0556.JPG,DJI_0552.JPG,5,0.38492592005919923
DJI_0556.JPG,DJI_0510.JPG,6,1.4518454265967273
DJI_0556.JPG,DJI_0509.JPG,7,1.489610914302467
DJI_0556.JPG,DJI_0476.JPG,8,1.5853189028276342
DJI_0556.JPG,DJI_0477.JPG,9,1.7283045394354084
DJI_0556.JPG,DJI_0475.JPG,10,1.898996774690358
DJI_0557.JPG,DJI_0554.JPG,1,0.1574835292793673
DJI_0557.JPG,DJI_0555.JPG,2,0.17600253774164293
DJI_0557.JPG,DJI_0553.JPG,3,0.1961443731682623
DJI_0557.JPG,DJI_0552.JPG,4,0.21149533122740016
DJI_0557.JPG,DJI_0556.JPG,5,0.37130078201404304
DJI_0557.JPG,DJI_0510.JPG,6,1.1035084454256365
DJI_0557.JPG,DJI_0509.JPG,7,1.2103968131648006
DJI_0557.JPG,DJI_0476.JPG,8,1.2286832868209052
DJI_0557.JPG,DJI_0477.JPG,9,1.3760179126925385
DJI_0557.JPG,DJI_0475.JPG,10,1.5801676339747275
